n_archetypes,n_cells,coreset_fraction,seed,ok,error,rss_poll_ms,time,time_total,time_copy,time_compute,mem_rss_start_mb,mem_rss_post_copy_mb,mem_rss_end_mb,mem_rss_delta_post_copy_mb,mem_rss_delta_since_start_mb,mem_rss_peak_mb,mem_rss_peak_over_post_copy_mb,mem_rss_peak_over_start_mb,mem_rss_peak_copy_sampled_mb,mem_rss_peak_compute_sampled_mb
3,1000,1.0,383329927,True,,50,0.2543952465057373,0.25583815574645996,0.0003323554992675781,0.2543952465057373,116857.640625,116856.109375,116859.3046875,3.1953125,1.6640625,116859.3046875,1.34375,1.6640625,116857.83203125,116859.1796875
3,1000,1.0,3324115916,True,,50,0.21650981903076172,0.21773123741149902,0.0003161430358886719,0.21650981903076172,116857.64453125,116856.11328125,116859.328125,3.21484375,1.68359375,116859.328125,1.36328125,1.68359375,116857.8359375,116859.171875
3,1000,1.0,2811363264,True,,50,0.19231581687927246,0.19350457191467285,0.00028514862060546875,0.19231581687927246,116857.64453125,116856.11328125,116859.30859375,3.1953125,1.6640625,116859.30859375,1.34375,1.6640625,116857.8359375,116859.18359375
3,1000,1.0,1884968544,True,,50,0.2475142478942871,0.24857187271118164,0.0002665519714355469,0.2475142478942871,116857.64453125,116856.11328125,116859.3125,3.19921875,1.66796875,116859.3125,1.34765625,1.66796875,116857.8359375,116859.18359375
3,1000,1.0,1859786275,True,,50,0.18066763877868652,0.1819920539855957,0.000274658203125,0.18066763877868652,116857.64453125,116856.23828125,116859.31640625,3.078125,1.671875,116859.31640625,1.2265625,1.671875,116857.8359375,116859.31640625
3,1000,0.1,383329927,True,,50,0.08624696731567383,0.08784866333007812,0.00031828880310058594,0.08624696731567383,116857.64453125,116856.11328125,116859.4296875,3.31640625,1.78515625,116859.4296875,1.46484375,1.78515625,116857.8359375,116859.08203125
3,1000,0.1,3324115916,True,,50,0.07715320587158203,0.07809162139892578,0.00022649765014648438,0.07715320587158203,116857.64453125,116856.23828125,116859.39453125,3.15625,1.75,116859.39453125,1.3046875,1.75,116857.8359375,116859.20703125
3,1000,0.1,2811363264,True,,50,0.08062958717346191,0.08237981796264648,0.0002529621124267578,0.08062958717346191,116857.6484375,116856.1171875,116859.39453125,3.27734375,1.74609375,116859.39453125,1.42578125,1.74609375,116857.83984375,116859.078125
3,1000,0.1,1884968544,True,,50,0.08080816268920898,0.08184647560119629,0.00023245811462402344,0.08080816268920898,116857.6484375,116856.2421875,116859.421875,3.1796875,1.7734375,116859.421875,1.328125,1.7734375,116857.83984375,116859.21484375
3,1000,0.1,1859786275,True,,50,0.09256577491760254,0.0934758186340332,0.00022840499877929688,0.09256577491760254,116857.65234375,116856.24609375,116859.43359375,3.1875,1.78125,116859.43359375,1.3359375,1.78125,116857.84375,116859.2109375
3,2000,1.0,383329927,True,,50,0.3209390640258789,0.32254886627197266,0.00042366981506347656,0.3209390640258789,116857.6640625,116856.2578125,116859.47265625,3.21484375,1.80859375,116859.47265625,1.36328125,1.80859375,116857.85546875,116859.34765625
3,2000,1.0,3324115916,True,,50,0.3495774269104004,0.3507874011993408,0.00036454200744628906,0.3495774269104004,116857.6640625,116856.2578125,116859.6640625,3.40625,2.0,116859.6640625,1.5546875,2.0,116857.85546875,116859.34765625
3,2000,1.0,2811363264,True,,50,0.7742087841033936,0.7754285335540771,0.0003657341003417969,0.7742087841033936,116857.6640625,116856.2578125,116859.3515625,3.09375,1.6875,116859.3515625,1.2421875,1.6875,116857.85546875,116859.34765625
3,2000,1.0,1884968544,True,,50,0.37604546546936035,0.37726402282714844,0.0003762245178222656,0.37604546546936035,116857.66796875,116856.26171875,116859.6015625,3.33984375,1.93359375,116859.6015625,1.48828125,1.93359375,116857.859375,116859.3515625
3,2000,1.0,1859786275,True,,50,0.316849946975708,0.3178579807281494,0.0002732276916503906,0.316849946975708,116857.66796875,116856.26171875,116859.66796875,3.40625,2.0,116859.66796875,1.5546875,2.0,116857.859375,116859.3515625
3,2000,0.1,383329927,True,,50,0.10294556617736816,0.10400247573852539,0.00031256675720214844,0.10294556617736816,116857.66796875,116856.26171875,116859.44921875,3.1875,1.78125,116859.44921875,1.3359375,1.78125,116857.859375,116859.421875
3,2000,0.1,3324115916,True,,50,0.10158514976501465,0.10261368751525879,0.00028634071350097656,0.10158514976501465,116857.66796875,116856.26171875,116859.44921875,3.1875,1.78125,116859.44921875,1.3359375,1.78125,116857.859375,116859.421875
3,2000,0.1,2811363264,True,,50,0.10787129402160645,0.10950565338134766,0.0005128383636474609,0.10787129402160645,116857.66796875,116856.26171875,116859.57421875,3.3125,1.90625,116859.57421875,1.4609375,1.90625,116857.859375,116859.421875
3,2000,0.1,1884968544,True,,50,0.11417841911315918,0.11528396606445312,0.00036454200744628906,0.11417841911315918,116857.66796875,116856.26171875,116859.58203125,3.3203125,1.9140625,116859.58203125,1.46875,1.9140625,116857.859375,116859.42578125
3,2000,0.1,1859786275,True,,50,0.11499547958374023,0.11595010757446289,0.00026798248291015625,0.11499547958374023,116857.66796875,116856.26171875,116859.453125,3.19140625,1.78515625,116859.453125,1.33984375,1.78515625,116857.859375,116859.42578125
3,10000,1.0,383329927,True,,50,2.0687363147735596,2.0704238414764404,0.0009303092956542969,2.0687363147735596,116857.68359375,116856.27734375,116859.36328125,3.0859375,1.6796875,116859.36328125,1.234375,1.6796875,116857.875,116859.36328125
3,10000,1.0,3324115916,True,,50,2.5888795852661133,2.5905983448028564,0.0009281635284423828,2.5888795852661133,116857.68359375,116856.27734375,116859.6796875,3.40234375,1.99609375,116859.6796875,1.55078125,1.99609375,116857.875,116859.36328125
3,10000,1.0,2811363264,True,,50,2.333246946334839,2.335277557373047,0.0009529590606689453,2.333246946334839,116857.68359375,116856.27734375,116859.36328125,3.0859375,1.6796875,116859.36328125,1.234375,1.6796875,116857.875,116859.36328125
3,10000,1.0,1884968544,True,,50,2.258735179901123,2.260697841644287,0.0010993480682373047,2.258735179901123,116857.68359375,116856.27734375,116859.36328125,3.0859375,1.6796875,116859.36328125,1.234375,1.6796875,116857.875,116859.359375
3,10000,1.0,1859786275,True,,50,2.2903833389282227,2.2921390533447266,0.0008695125579833984,2.2903833389282227,116857.6875,116856.28125,116859.36328125,3.08203125,1.67578125,116859.36328125,1.23046875,1.67578125,116857.87890625,116859.36328125
3,10000,0.1,383329927,True,,50,0.31688809394836426,0.31861042976379395,0.0008218288421630859,0.31688809394836426,116857.6875,116856.28125,116859.578125,3.296875,1.890625,116859.578125,1.4453125,1.890625,116857.87890625,116859.453125
3,10000,0.1,3324115916,True,,50,0.391193151473999,0.3932154178619385,0.0008940696716308594,0.391193151473999,116857.6875,116856.28125,116859.453125,3.171875,1.765625,116859.453125,1.3203125,1.765625,116857.87890625,116859.453125
3,10000,0.1,2811363264,True,,50,0.25159478187561035,0.2532007694244385,0.0007903575897216797,0.25159478187561035,116857.6875,116856.28125,116859.453125,3.171875,1.765625,116859.453125,1.3203125,1.765625,116857.87890625,116859.4375
3,10000,0.1,1884968544,True,,50,0.2442483901977539,0.24580883979797363,0.00081634521484375,0.2442483901977539,116857.6875,116856.28125,116859.45703125,3.17578125,1.76953125,116859.45703125,1.32421875,1.76953125,116857.87890625,116859.45703125
3,10000,0.1,1859786275,True,,50,0.24812746047973633,0.2501082420349121,0.0008757114410400391,0.24812746047973633,116857.6875,116856.28125,116859.5859375,3.3046875,1.8984375,116859.5859375,1.453125,1.8984375,116857.87890625,116859.45703125
3,20000,1.0,383329927,True,,50,10.415473699569702,10.417895078659058,0.00152587890625,10.415473699569702,116857.69921875,116856.29296875,116859.6875,3.39453125,1.98828125,116859.69140625,1.546875,1.9921875,116857.890625,116859.37890625
3,20000,1.0,3324115916,True,,50,4.1767213344573975,4.179185390472412,0.0016350746154785156,4.1767213344573975,116857.69921875,116856.29296875,116859.375,3.08203125,1.67578125,116859.375,1.23046875,1.67578125,116857.890625,116859.375
3,20000,1.0,2811363264,True,,50,5.392268180847168,5.394908666610718,0.0014958381652832031,5.392268180847168,116857.69921875,116856.29296875,116859.375,3.08203125,1.67578125,116859.375,1.23046875,1.67578125,116857.890625,116859.375
3,20000,1.0,1884968544,True,,50,4.066253423690796,4.0687360763549805,0.0015826225280761719,4.066253423690796,116857.69921875,116856.29296875,116859.375,3.08203125,1.67578125,116859.375,1.23046875,1.67578125,116857.890625,116859.375
3,20000,1.0,1859786275,True,,50,6.023721933364868,6.026105165481567,0.0015616416931152344,6.023721933364868,116857.69921875,116856.29296875,116859.69140625,3.3984375,1.9921875,116859.6953125,1.55078125,1.99609375,116857.890625,116859.37890625
3,20000,0.1,383329927,True,,50,0.619140625,0.6214284896850586,0.0014400482177734375,0.619140625,116857.69921875,116856.29296875,116859.46875,3.17578125,1.76953125,116859.46875,1.32421875,1.76953125,116857.890625,116859.46875
3,20000,0.1,3324115916,True,,50,0.7994706630706787,0.8016607761383057,0.0013811588287353516,0.7994706630706787,116857.69921875,116856.29296875,116859.46875,3.17578125,1.76953125,116859.46875,1.32421875,1.76953125,116857.890625,116859.46875
3,20000,0.1,2811363264,True,,50,0.5390615463256836,0.5414018630981445,0.0015828609466552734,0.5390615463256836,116857.69921875,116856.29296875,116859.46875,3.17578125,1.76953125,116859.46875,1.32421875,1.76953125,116857.890625,116859.46875
3,20000,0.1,1884968544,True,,50,0.7602581977844238,0.7630062103271484,0.0014331340789794922,0.7602581977844238,116857.69921875,116856.29296875,116859.46875,3.17578125,1.76953125,116859.46875,1.32421875,1.76953125,116857.890625,116859.46875
3,20000,0.1,1859786275,True,,50,0.7348709106445312,0.7371578216552734,0.0014252662658691406,0.7348709106445312,116857.69921875,116856.29296875,116859.4765625,3.18359375,1.77734375,116859.4765625,1.33203125,1.77734375,116857.828125,116859.4765625
3,100000,1.0,383329927,True,,50,28.47519063949585,28.48094081878662,0.004802703857421875,28.47519063949585,116857.7109375,116856.3046875,116859.8359375,3.53125,2.125,116859.83984375,1.68359375,2.12890625,116857.90234375,116859.52734375
3,100000,1.0,3324115916,True,,50,14.073634386062622,14.086170196533203,0.01134943962097168,14.073634386062622,116857.7109375,116856.3046875,116859.83984375,3.53515625,2.12890625,116859.84375,1.6875,2.1328125,116857.90234375,116859.52734375
3,100000,1.0,2811363264,True,,50,34.6335129737854,34.63909935951233,0.004674673080444336,34.6335129737854,116857.7109375,116856.3046875,116859.83984375,3.53515625,2.12890625,116859.84375,1.6875,2.1328125,116857.90234375,116859.53125
3,100000,1.0,1884968544,True,,50,45.68224740028381,45.687915563583374,0.0047779083251953125,45.68224740028381,116857.7109375,116856.3046875,116859.83984375,3.53515625,2.12890625,116859.84375,1.6875,2.1328125,116857.90234375,116859.52734375
3,100000,1.0,1859786275,True,,50,29.178341388702393,29.184025526046753,0.004714012145996094,29.178341388702393,116857.7109375,116856.3046875,116859.84375,3.5390625,2.1328125,116859.84765625,1.69140625,2.13671875,116857.90234375,116859.53125
3,100000,0.1,383329927,True,,50,2.2350473403930664,2.241032600402832,0.004794597625732422,2.2350473403930664,116857.7109375,116856.3046875,116859.62109375,3.31640625,1.91015625,116859.62109375,1.46484375,1.91015625,116857.90234375,116859.62109375
3,100000,0.1,3324115916,True,,50,3.08007550239563,3.0860087871551514,0.0049495697021484375,3.08007550239563,116857.7109375,116856.3046875,116859.62109375,3.31640625,1.91015625,116859.62109375,1.46484375,1.91015625,116857.90234375,116859.62109375
3,100000,0.1,2811363264,True,,50,4.85128116607666,4.856773138046265,0.004654645919799805,4.85128116607666,116857.7109375,116856.3046875,116859.62109375,3.31640625,1.91015625,116859.62109375,1.46484375,1.91015625,116857.90234375,116859.62109375
3,100000,0.1,1884968544,True,,50,3.2118892669677734,3.217395067214966,0.0047566890716552734,3.2118892669677734,116857.7109375,116856.3046875,116859.62890625,3.32421875,1.91796875,116859.62890625,1.47265625,1.91796875,116857.90234375,116859.62890625
3,100000,0.1,1859786275,True,,50,3.3644683361053467,3.3701043128967285,0.0046367645263671875,3.3644683361053467,116857.7109375,116856.3046875,116859.62890625,3.32421875,1.91796875,116859.62890625,1.47265625,1.91796875,116857.90234375,116859.62890625
3,200000,1.0,383329927,True,,50,56.97484302520752,56.988099575042725,0.012357711791992188,56.97484302520752,116857.72265625,116856.31640625,116859.85546875,3.5390625,2.1328125,116859.859375,1.69140625,2.13671875,116857.9140625,116859.54296875
3,200000,1.0,3324115916,True,,50,69.86473798751831,69.87814044952393,0.012493371963500977,69.86473798751831,116857.72265625,116856.31640625,116859.85546875,3.5390625,2.1328125,116859.859375,1.69140625,2.13671875,116857.9140625,116859.54296875
3,200000,1.0,2811363264,True,,50,56.99431657791138,57.007638692855835,0.012447834014892578,56.99431657791138,116857.72265625,116856.31640625,116859.8515625,3.53515625,2.12890625,116859.85546875,1.6875,2.1328125,116857.9140625,116859.54296875
3,200000,1.0,1884968544,True,,50,48.12805247306824,48.14104700088501,0.012128114700317383,48.12805247306824,116857.72265625,116856.31640625,116859.85546875,3.5390625,2.1328125,116859.85546875,1.6875,2.1328125,116857.9140625,116859.54296875
3,200000,1.0,1859786275,True,,50,81.82354092597961,81.84216070175171,0.01744675636291504,81.82354092597961,116857.72265625,116856.31640625,116859.85546875,3.5390625,2.1328125,116859.85546875,1.6875,2.1328125,116857.8515625,116859.54296875
3,200000,0.1,383329927,True,,50,9.338848352432251,9.351591110229492,0.011922597885131836,9.338848352432251,116857.72265625,116856.31640625,116859.62890625,3.3125,1.90625,116859.6328125,1.46484375,1.91015625,116857.9140625,116859.6328125
3,200000,0.1,3324115916,True,,50,9.582025051116943,9.594747066497803,0.011806964874267578,9.582025051116943,116857.72265625,116856.31640625,116859.7578125,3.44140625,2.03515625,116859.7578125,1.58984375,2.03515625,116857.9140625,116859.6328125
3,200000,0.1,2811363264,True,,50,8.142089605331421,8.154637575149536,0.011605262756347656,8.142089605331421,116857.72265625,116856.31640625,116859.6328125,3.31640625,1.91015625,116859.63671875,1.46875,1.9140625,116857.9140625,116859.63671875
3,200000,0.1,1884968544,True,,50,6.308725118637085,6.321741342544556,0.011793375015258789,6.308725118637085,116857.72265625,116856.31640625,116859.76171875,3.4453125,2.0390625,116859.765625,1.59765625,2.04296875,116857.9140625,116859.640625
3,200000,0.1,1859786275,True,,50,7.679676294326782,7.697123289108276,0.01647782325744629,7.679676294326782,116857.72265625,116856.31640625,116859.765625,3.44921875,2.04296875,116859.76953125,1.6015625,2.046875,116857.9140625,116859.640625
3,1000000,1.0,383329927,True,,50,481.8021683692932,481.86653900146484,0.06329083442687988,481.8021683692932,116857.74609375,116856.33984375,116882.62890625,26.2890625,24.8828125,117316.68359375,458.4921875,458.9375,116857.9375,117243.24609375
3,1000000,1.0,3324115916,True,,50,337.5177917480469,337.5821282863617,0.06343650817871094,337.5177917480469,116857.74609375,116856.33984375,116882.62890625,26.2890625,24.8828125,117316.68359375,458.4921875,458.9375,116857.9375,117239.24609375
3,1000000,1.0,2811363264,True,,50,486.78740310668945,486.85264706611633,0.06372737884521484,486.78740310668945,116857.74609375,116856.33984375,116882.62890625,26.2890625,24.8828125,117316.68359375,458.4921875,458.9375,116857.9375,117249.24609375
3,1000000,1.0,1884968544,True,,50,450.9103298187256,450.9749915599823,0.06367731094360352,450.9103298187256,116857.74609375,116856.33984375,116882.62890625,26.2890625,24.8828125,117316.68359375,458.4921875,458.9375,116857.9375,117249.24609375
3,1000000,1.0,1859786275,True,,50,463.3976058959961,463.4620985984802,0.06348776817321777,463.3976058959961,116857.74609375,116856.33984375,116882.62890625,26.2890625,24.8828125,117316.68359375,458.4921875,458.9375,116857.9375,117249.24609375
3,1000000,0.1,383329927,True,,50,38.4069242477417,38.47183156013489,0.06403017044067383,38.4069242477417,116857.74609375,116856.33984375,116916.87109375,60.53125,59.125,117298.0390625,439.84765625,440.29296875,116857.9375,117161.6640625
3,1000000,0.1,3324115916,True,,50,41.902594804763794,41.9675714969635,0.06405234336853027,41.902594804763794,116857.74609375,116856.33984375,116916.87109375,60.53125,59.125,117297.9921875,439.80078125,440.24609375,116857.9375,117161.6640625
3,1000000,0.1,2811363264,True,,50,46.649653673172,46.71487092971802,0.06398487091064453,46.649653673172,116857.74609375,116856.33984375,116916.87109375,60.53125,59.125,117297.9765625,439.78515625,440.23046875,116857.9375,117161.6640625
3,1000000,0.1,1884968544,True,,50,39.25114321708679,39.31644654273987,0.0637052059173584,39.25114321708679,116857.74609375,116856.33984375,116916.875,60.53515625,59.12890625,117298.04296875,439.8515625,440.296875,116857.9375,117161.66796875
3,1000000,0.1,1859786275,True,,50,36.03993010520935,36.10576677322388,0.06445765495300293,36.03993010520935,116857.75,116856.34375,116916.875,60.53125,59.125,117298.19921875,440.00390625,440.44921875,116857.94140625,117161.66796875
3,2000000,1.0,383329927,True,,50,1032.3800942897797,1032.4132132530212,0.03148198127746582,1032.3800942897797,116857.75,117008.734375,117012.46484375,3.73046875,154.71484375,117927.15234375,916.56640625,1069.40234375,116858.046875,117855.375
3,2000000,1.0,3324115916,True,,50,642.9611356258392,642.9939439296722,0.031729698181152344,642.9611356258392,116857.75390625,117008.765625,117012.46484375,3.69921875,154.7109375,117926.93359375,916.31640625,1069.1796875,116858.078125,117839.37890625
3,2000000,1.0,2811363264,True,,50,866.4973673820496,866.5301959514618,0.03171563148498535,866.4973673820496,116857.75390625,117008.734375,117012.46484375,3.73046875,154.7109375,117927.15234375,916.56640625,1069.3984375,116858.046875,117833.37890625
3,2000000,1.0,1884968544,True,,50,1251.4923281669617,1251.5254154205322,0.03204512596130371,1251.4923281669617,116857.75390625,117008.75390625,117012.46484375,3.7109375,154.7109375,117926.93359375,916.328125,1069.1796875,116858.06640625,117841.37890625
3,2000000,1.0,1859786275,True,,50,666.576247215271,666.6088044643402,0.031116247177124023,666.576247215271,116857.75390625,117008.73828125,117012.46484375,3.7265625,154.7109375,117927.1484375,916.55859375,1069.39453125,116858.05078125,117839.37890625
3,2000000,0.1,383329927,True,,50,70.36178994178772,70.39440298080444,0.031525611877441406,70.36178994178772,116857.75390625,117008.76953125,117012.375,3.60546875,154.62109375,117775.05078125,764.4296875,917.296875,116858.08203125,117619.4375
3,2000000,0.1,3324115916,True,,50,58.106138706207275,58.13882803916931,0.031070947647094727,58.106138706207275,116857.75390625,117008.73828125,117012.375,3.63671875,154.62109375,117775.05078125,764.4609375,917.296875,116858.05078125,117619.4375
3,2000000,0.1,2811363264,True,,50,79.73828864097595,79.77137160301208,0.03184175491333008,79.73828864097595,116857.75390625,117008.765625,117058.0234375,49.2578125,200.26953125,117820.6953125,810.078125,962.94140625,116858.078125,117619.4375
3,2000000,0.1,1884968544,True,,50,76.47368335723877,76.506920337677,0.031970977783203125,76.47368335723877,116857.75390625,117008.73046875,117012.375,3.64453125,154.62109375,117775.046875,764.46484375,917.29296875,116858.04296875,117619.44140625
3,2000000,0.1,1859786275,True,,50,83.10380625724792,83.13672399520874,0.03138089179992676,83.10380625724792,116857.7578125,117008.765625,117058.02734375,49.26171875,200.26953125,117820.703125,810.0859375,962.9453125,116858.078125,117619.44140625
6,1000,1.0,383329927,True,,50,0.279710054397583,0.28105592727661133,0.0002231597900390625,0.279710054397583,116857.76953125,116858.08984375,116859.4296875,1.33984375,1.66015625,116859.4296875,1.33984375,1.66015625,116857.9609375,116859.3046875
6,1000,1.0,3324115916,True,,50,0.2607388496398926,0.261671781539917,0.0001747608184814453,0.2607388496398926,116857.7734375,116856.2421875,116859.453125,3.2109375,1.6796875,116859.453125,1.359375,1.6796875,116857.96484375,116859.328125
6,1000,1.0,2811363264,True,,50,0.3070409297943115,0.3080615997314453,0.00018215179443359375,0.3070409297943115,116857.7734375,116858.09375,116859.453125,1.359375,1.6796875,116859.453125,1.359375,1.6796875,116857.96484375,116859.3046875
6,1000,1.0,1884968544,True,,50,0.25020408630371094,0.25124526023864746,0.0001933574676513672,0.25020408630371094,116857.7734375,116858.03125,116859.4296875,1.3984375,1.65625,116859.4296875,1.3984375,1.65625,116857.90234375,116859.3046875
6,1000,1.0,1859786275,True,,50,0.5655419826507568,0.5664486885070801,0.00017142295837402344,0.5655419826507568,116857.7734375,116858.09375,116859.45703125,1.36328125,1.68359375,116859.45703125,1.36328125,1.68359375,116857.96484375,116859.328125
6,1000,0.1,383329927,True,,50,0.1248776912689209,0.12584495544433594,0.0001704692840576172,0.1248776912689209,116857.7734375,116858.03125,116859.55078125,1.51953125,1.77734375,116859.55078125,1.51953125,1.77734375,116857.90234375,116859.390625
6,1000,0.1,3324115916,True,,50,0.13448452949523926,0.13574743270874023,0.00023627281188964844,0.13448452949523926,116857.7734375,116858.09375,116859.55078125,1.45703125,1.77734375,116859.55078125,1.45703125,1.77734375,116857.96484375,116859.390625
6,1000,0.1,2811363264,True,,50,0.09867739677429199,0.09968066215515137,0.0002002716064453125,0.09867739677429199,116857.77734375,116858.09765625,116859.55078125,1.453125,1.7734375,116859.55078125,1.453125,1.7734375,116857.96875,116859.19921875
6,1000,0.1,1884968544,True,,50,0.08796405792236328,0.0889132022857666,0.00019311904907226562,0.08796405792236328,116857.77734375,116858.09765625,116859.5546875,1.45703125,1.77734375,116859.5546875,1.45703125,1.77734375,116857.90625,116859.203125
6,1000,0.1,1859786275,True,,50,0.12708258628845215,0.12791681289672852,0.0001575946807861328,0.12708258628845215,116857.77734375,116856.18359375,116859.5546875,3.37109375,1.77734375,116859.5546875,1.51953125,1.77734375,116857.90625,116859.39453125
6,2000,1.0,383329927,True,,50,0.419391393661499,0.4203939437866211,0.0002617835998535156,0.419391393661499,116857.78515625,116858.10546875,116859.46484375,1.359375,1.6796875,116859.46484375,1.359375,1.6796875,116857.9765625,116859.33984375
6,2000,1.0,3324115916,True,,50,1.1629126071929932,1.163905382156372,0.0002579689025878906,1.1629126071929932,116857.78515625,116856.37890625,116859.65234375,3.2734375,1.8671875,116859.65234375,1.421875,1.8671875,116857.9765625,116859.46484375
6,2000,1.0,2811363264,True,,50,0.9380793571472168,0.9395244121551514,0.0003638267517089844,0.9380793571472168,116857.78515625,116856.25390625,116859.46875,3.21484375,1.68359375,116859.46875,1.36328125,1.68359375,116857.9765625,116859.33984375
6,2000,1.0,1884968544,True,,50,0.4419434070587158,0.44301486015319824,0.0002663135528564453,0.4419434070587158,116857.78515625,116858.10546875,116859.46875,1.36328125,1.68359375,116859.46875,1.36328125,1.68359375,116857.9765625,116859.34375
6,2000,1.0,1859786275,True,,50,0.6939353942871094,0.6957669258117676,0.0005285739898681641,0.6939353942871094,116857.78515625,116856.37890625,116859.65625,3.27734375,1.87109375,116859.65625,1.42578125,1.87109375,116857.9765625,116859.46875
6,2000,0.1,383329927,True,,50,0.1486375331878662,0.14981508255004883,0.00030231475830078125,0.1486375331878662,116857.78515625,116858.10546875,116859.56640625,1.4609375,1.78125,116859.56640625,1.4609375,1.78125,116857.9765625,116859.390625
6,2000,0.1,3324115916,True,,50,0.12421679496765137,0.12521767616271973,0.00026917457580566406,0.12421679496765137,116857.7890625,116858.109375,116859.5625,1.453125,1.7734375,116859.5625,1.453125,1.7734375,116857.98046875,116859.3984375
6,2000,0.1,2811363264,True,,50,0.15807008743286133,0.1592409610748291,0.0003466606140136719,0.15807008743286133,116857.7890625,116858.109375,116859.56640625,1.45703125,1.77734375,116859.56640625,1.45703125,1.77734375,116857.98046875,116859.39453125
6,2000,0.1,1884968544,True,,50,0.16649651527404785,0.16761541366577148,0.0002770423889160156,0.16649651527404785,116857.7890625,116858.109375,116859.56640625,1.45703125,1.77734375,116859.56640625,1.45703125,1.77734375,116857.98046875,116859.39453125
6,2000,0.1,1859786275,True,,50,0.14565348625183105,0.14699840545654297,0.0003790855407714844,0.14565348625183105,116857.7890625,116856.3828125,116859.5703125,3.1875,1.78125,116859.5703125,1.3359375,1.78125,116857.98046875,116859.54296875
6,10000,1.0,383329927,True,,50,2.7184066772460938,2.7196221351623535,0.0006034374237060547,2.7184066772460938,116857.796875,116858.2421875,116859.7890625,1.546875,1.9921875,116859.79296875,1.55078125,1.99609375,116857.98828125,116859.48046875
6,10000,1.0,3324115916,True,,50,2.7081706523895264,2.710193157196045,0.0007290840148925781,2.7081706523895264,116857.796875,116856.390625,116859.79296875,3.40234375,1.99609375,116859.796875,1.5546875,2.0,116857.98828125,116859.484375
6,10000,1.0,2811363264,True,,50,2.1246352195739746,2.1260154247283936,0.0005888938903808594,2.1246352195739746,116857.796875,116856.390625,116859.796875,3.40625,2.0,116859.80078125,1.55859375,2.00390625,116857.98828125,116859.48828125
6,10000,1.0,1884968544,True,,50,3.659470558166504,3.6609206199645996,0.0006861686706542969,3.659470558166504,116857.796875,116858.2421875,116859.79296875,1.55078125,1.99609375,116859.796875,1.5546875,2.0,116857.98828125,116859.484375
6,10000,1.0,1859786275,True,,50,4.959510803222656,4.961045742034912,0.0006592273712158203,4.959510803222656,116857.796875,116856.390625,116859.796875,3.40625,2.0,116859.80078125,1.55859375,2.00390625,116857.98828125,116859.48828125
6,10000,0.1,383329927,True,,50,0.4776625633239746,0.4793241024017334,0.0007243156433105469,0.4776625633239746,116857.80078125,116856.39453125,116859.578125,3.18359375,1.77734375,116859.578125,1.33203125,1.77734375,116857.9921875,116859.578125
6,10000,0.1,3324115916,True,,50,0.4332096576690674,0.4346146583557129,0.0006279945373535156,0.4332096576690674,116857.80078125,116856.39453125,116859.578125,3.18359375,1.77734375,116859.578125,1.33203125,1.77734375,116857.9921875,116859.578125
6,10000,0.1,2811363264,True,,50,0.6753504276275635,0.677004337310791,0.0007774829864501953,0.6753504276275635,116857.80078125,116856.39453125,116859.578125,3.18359375,1.77734375,116859.578125,1.33203125,1.77734375,116857.9296875,116859.578125
6,10000,0.1,1884968544,True,,50,0.5990803241729736,0.6005947589874268,0.0006396770477294922,0.5990803241729736,116857.80078125,116856.39453125,116859.58203125,3.1875,1.78125,116859.58203125,1.3359375,1.78125,116857.9921875,116859.58203125
6,10000,0.1,1859786275,True,,50,0.963700532913208,0.9650421142578125,0.0005755424499511719,0.963700532913208,116857.80078125,116856.39453125,116859.70703125,3.3125,1.90625,116859.7109375,1.46484375,1.91015625,116857.9921875,116859.5859375
6,20000,1.0,383329927,True,,50,6.663229942321777,6.665079832077026,0.0010864734649658203,6.663229942321777,116857.8125,116856.40625,116859.94140625,3.53515625,2.12890625,116859.94140625,1.68359375,2.12890625,116858.00390625,116859.62890625
6,20000,1.0,3324115916,True,,50,8.440211534500122,8.44222092628479,0.0011031627655029297,8.440211534500122,116857.8125,116856.40625,116859.62890625,3.22265625,1.81640625,116859.6328125,1.375,1.8203125,116858.00390625,116859.6328125
6,20000,1.0,2811363264,True,,50,8.81049132347107,8.812364101409912,0.0010268688201904297,8.81049132347107,116857.8125,116856.40625,116859.94140625,3.53515625,2.12890625,116859.94140625,1.68359375,2.12890625,116858.00390625,116859.6328125
6,20000,1.0,1884968544,True,,50,3.6822776794433594,3.6840672492980957,0.0011258125305175781,3.6822776794433594,116857.8125,116856.40625,116859.94140625,3.53515625,2.12890625,116859.9453125,1.6875,2.1328125,116858.00390625,116859.6328125
6,20000,1.0,1859786275,True,,50,6.509400129318237,6.5113420486450195,0.001127481460571289,6.509400129318237,116857.81640625,116856.41015625,116859.94140625,3.53125,2.125,116859.9453125,1.68359375,2.12890625,116858.0078125,116859.6328125
6,20000,0.1,383329927,True,,50,1.303894281387329,1.3059844970703125,0.0011830329895019531,1.303894281387329,116857.81640625,116856.41015625,116859.84765625,3.4375,2.03125,116859.8515625,1.58984375,2.03515625,116858.0078125,116859.7265625
6,20000,0.1,3324115916,True,,50,0.9009153842926025,0.9030120372772217,0.0011925697326660156,0.9009153842926025,116857.81640625,116856.41015625,116859.84765625,3.4375,2.03125,116859.84765625,1.5859375,2.03125,116858.0078125,116859.7265625
6,20000,0.1,2811363264,True,,50,1.3091936111450195,1.3110051155090332,0.0010750293731689453,1.3091936111450195,116857.81640625,116856.41015625,116859.84765625,3.4375,2.03125,116859.84765625,1.5859375,2.03125,116858.0078125,116859.7265625
6,20000,0.1,1884968544,True,,50,1.5722007751464844,1.5747807025909424,0.0009198188781738281,1.5722007751464844,116857.81640625,116856.41015625,116859.72265625,3.3125,1.90625,116859.84765625,1.5859375,2.03125,116857.9453125,116859.7265625
6,20000,0.1,1859786275,True,,50,1.5875658988952637,1.5898754596710205,0.0013949871063232422,1.5875658988952637,116857.81640625,116856.41015625,116859.7265625,3.31640625,1.91015625,116859.7265625,1.46484375,1.91015625,116858.0078125,116859.7265625
6,100000,1.0,383329927,True,,50,34.14614963531494,34.1519615650177,0.004880428314208984,34.14614963531494,116857.83203125,116856.42578125,116859.95703125,3.53125,2.125,116859.9609375,1.68359375,2.12890625,116858.0234375,116859.6484375
6,100000,1.0,3324115916,True,,50,45.433101415634155,45.43884587287903,0.004807472229003906,45.433101415634155,116857.8359375,116856.4296875,116859.70703125,3.27734375,1.87109375,116859.95703125,1.67578125,2.12109375,116858.02734375,116859.6484375
6,100000,1.0,2811363264,True,,50,41.19378328323364,41.20002055168152,0.004837751388549805,41.19378328323364,116857.8359375,116858.28125,116859.95703125,1.67578125,2.12109375,116859.9609375,1.6796875,2.125,116858.02734375,116859.6484375
6,100000,1.0,1884968544,True,,50,32.50313353538513,32.50885510444641,0.004834175109863281,32.50313353538513,116857.8359375,116858.28125,116859.95703125,1.67578125,2.12109375,116859.9609375,1.6796875,2.125,116858.02734375,116859.6484375
6,100000,1.0,1859786275,True,,50,39.01610445976257,39.02210068702698,0.004980325698852539,39.01610445976257,116857.8359375,116856.4296875,116859.95703125,3.52734375,2.12109375,116859.9609375,1.6796875,2.125,116858.02734375,116859.6484375
6,100000,0.1,383329927,True,,50,4.8163416385650635,4.822247266769409,0.00499725341796875,4.8163416385650635,116857.8359375,116856.4296875,116859.73828125,3.30859375,1.90234375,116859.73828125,1.45703125,1.90234375,116858.02734375,116859.73828125
6,100000,0.1,3324115916,True,,50,8.121798992156982,8.127694368362427,0.0049588680267333984,8.121798992156982,116857.8359375,116856.4296875,116859.86328125,3.43359375,2.02734375,116859.8671875,1.5859375,2.03125,116858.02734375,116859.7421875
6,100000,0.1,2811363264,True,,50,3.871886730194092,3.877908945083618,0.005054950714111328,3.871886730194092,116857.8359375,116856.4296875,116859.73828125,3.30859375,1.90234375,116859.73828125,1.45703125,1.90234375,116858.02734375,116859.73828125
6,100000,0.1,1884968544,True,,50,6.074184417724609,6.080443859100342,0.004942655563354492,6.074184417724609,116857.8359375,116856.4296875,116859.87109375,3.44140625,2.03515625,116859.875,1.59375,2.0390625,116858.02734375,116859.75
6,100000,0.1,1859786275,True,,50,8.618196964263916,8.624211311340332,0.005135059356689453,8.618196964263916,116857.8359375,116856.4296875,116859.87109375,3.44140625,2.03515625,116859.875,1.59375,2.0390625,116858.02734375,116859.75
6,200000,1.0,383329927,True,,50,66.76298069953918,66.77323365211487,0.009167671203613281,66.76298069953918,116857.8515625,116856.4453125,116859.97265625,3.52734375,2.12109375,116859.97265625,1.67578125,2.12109375,116858.04296875,116859.6640625
6,200000,1.0,3324115916,True,,50,119.58944082260132,119.59999775886536,0.009576559066772461,119.58944082260132,116857.8515625,116856.4453125,116859.97265625,3.52734375,2.12109375,116859.97265625,1.67578125,2.12109375,116858.04296875,116859.6640625
6,200000,1.0,2811363264,True,,50,107.34345865249634,107.3536479473114,0.00930166244506836,107.34345865249634,116857.8515625,116856.4453125,116859.97265625,3.52734375,2.12109375,116859.97265625,1.67578125,2.12109375,116858.04296875,116859.6640625
6,200000,1.0,1884968544,True,,50,82.14923644065857,82.15926742553711,0.009146690368652344,82.14923644065857,116857.8515625,116856.4453125,116859.66015625,3.21484375,1.80859375,116859.97265625,1.67578125,2.12109375,116858.04296875,116859.6640625
6,200000,1.0,1859786275,True,,50,202.91114163398743,202.9210650920868,0.009168148040771484,202.91114163398743,116857.8515625,116856.4453125,116859.91015625,3.46484375,2.05859375,116859.97265625,1.67578125,2.12109375,116858.04296875,116859.6640625
6,200000,0.1,383329927,True,,50,16.989277124404907,16.999680757522583,0.00932765007019043,16.989277124404907,116857.8515625,116858.296875,116859.87890625,1.58203125,2.02734375,116859.8828125,1.5859375,2.03125,116858.04296875,116859.7578125
6,200000,0.1,3324115916,True,,50,12.460228681564331,12.470356702804565,0.009235143661499023,12.460228681564331,116857.8515625,116858.296875,116859.75390625,1.45703125,1.90234375,116859.87890625,1.58203125,2.02734375,116858.04296875,116859.7578125
6,200000,0.1,2811363264,True,,50,10.059901714324951,10.069982767105103,0.0091552734375,10.059901714324951,116857.8515625,116856.4453125,116859.8828125,3.4375,2.03125,116859.88671875,1.58984375,2.03515625,116858.04296875,116859.76171875
6,200000,0.1,1884968544,True,,50,14.015018224716187,14.025734901428223,0.00946664810180664,14.015018224716187,116857.8515625,116856.4453125,116859.88671875,3.44140625,2.03515625,116859.890625,1.59375,2.0390625,116858.04296875,116859.765625
6,200000,0.1,1859786275,True,,50,12.680856704711914,12.691330671310425,0.009558439254760742,12.680856704711914,116857.8515625,116856.4453125,116859.76171875,3.31640625,1.91015625,116859.765625,1.46875,1.9140625,116858.04296875,116859.765625
6,1000000,1.0,383329927,True,,50,957.4113886356354,957.4270739555359,0.014596939086914062,957.4113886356354,116857.86328125,116932.6953125,117073.484375,140.7890625,215.62109375,117393.1328125,458.5859375,535.26953125,116858.1171875,117349.0703125
6,1000000,1.0,3324115916,True,,50,572.1614811420441,572.1772201061249,0.014718294143676758,572.1614811420441,116857.86328125,116932.7265625,117073.484375,140.7578125,215.62109375,117393.1640625,458.5859375,535.30078125,116858.1484375,117339.0703125
6,1000000,1.0,2811363264,True,,50,482.08590388298035,482.101336479187,0.014256000518798828,482.08590388298035,116857.86328125,116932.6953125,117050.59765625,117.90234375,192.734375,117393.12890625,458.58203125,535.265625,116858.1171875,117341.0703125
6,1000000,1.0,1884968544,True,,50,633.2358202934265,633.2514972686768,0.014550924301147461,633.2358202934265,116857.86328125,116932.70703125,117073.484375,140.77734375,215.62109375,117393.1484375,458.58984375,535.28515625,116858.12890625,117335.0703125
6,1000000,1.0,1859786275,True,,50,787.4549703598022,787.4707677364349,0.014617919921875,787.4549703598022,116857.86328125,116932.7109375,117073.484375,140.7734375,215.62109375,117393.15234375,458.58984375,535.2890625,116858.1328125,117339.0703125
6,1000000,0.1,383329927,True,,50,93.6858081817627,93.70065522193909,0.014138221740722656,93.6858081817627,116857.86328125,116932.71875,117073.51953125,140.80078125,215.65625,117454.73828125,520.16796875,596.875,116858.140625,117238.078125
6,1000000,0.1,3324115916,True,,50,62.7220938205719,62.73726773262024,0.014225006103515625,62.7220938205719,116857.86328125,116932.7265625,117119.17578125,186.44921875,261.3125,117500.33984375,565.76171875,642.4765625,116858.1484375,117299.796875
6,1000000,0.1,2811363264,True,,50,79.45708799362183,79.47232127189636,0.014448165893554688,79.45708799362183,116857.86328125,116932.73828125,117073.5234375,140.78515625,215.66015625,117454.7421875,520.15234375,596.87890625,116858.16015625,117238.078125
6,1000000,0.1,1884968544,True,,50,65.73807549476624,65.75432586669922,0.014617443084716797,65.73807549476624,116857.86328125,116934.56640625,117119.1796875,184.61328125,261.31640625,117500.39453125,565.828125,642.53125,116857.9921875,117327.80078125
6,1000000,0.1,1859786275,True,,50,59.060617208480835,59.0768506526947,0.014398813247680664,59.060617208480835,116857.86328125,116932.73828125,117119.1796875,186.44140625,261.31640625,117500.3359375,565.74609375,642.47265625,116857.9921875,117303.80078125
6,2000000,1.0,383329927,True,,50,2426.4081015586853,2426.440660238266,0.03144383430480957,2426.4081015586853,116857.8671875,117008.8828125,117104.1328125,95.25,246.265625,117927.25,916.515625,1069.3828125,116858.1953125,117914.3125
6,2000000,1.0,3324115916,True,,50,1567.8195760250092,1567.852727651596,0.031243324279785156,1567.8195760250092,116857.87109375,117008.88671875,117104.1328125,95.24609375,246.26171875,117927.265625,916.52734375,1069.39453125,116858.19921875,117910.31640625
6,2000000,1.0,2811363264,True,,50,1481.3044691085815,1481.337496995926,0.03155159950256348,1481.3044691085815,116857.87109375,117008.86328125,117104.13671875,95.2734375,246.265625,117927.24609375,916.53125,1069.375,116858.17578125,117910.31640625
6,2000000,1.0,1884968544,True,,50,1793.8416430950165,1793.8745527267456,0.03170132637023926,1793.8416430950165,116857.87109375,117008.90234375,117104.1328125,95.23046875,246.26171875,117927.2734375,916.51953125,1069.40234375,116858.21484375,117912.31640625
6,2000000,1.0,1859786275,True,,50,1946.0638041496277,1946.0972204208374,0.03180050849914551,1946.0638041496277,116857.87109375,117008.87109375,117104.1328125,95.26171875,246.26171875,117927.2421875,916.51953125,1069.37109375,116858.18359375,117916.31640625
6,2000000,0.1,383329927,True,,50,180.86807370185852,180.90084528923035,0.03166389465332031,180.86807370185852,116857.87109375,117008.88671875,117058.265625,49.37890625,200.39453125,117897.37890625,886.640625,1039.5078125,116858.19921875,117619.5546875
6,2000000,0.1,3324115916,True,,50,162.08192896842957,162.11476182937622,0.031234264373779297,162.08192896842957,116857.87109375,117008.8828125,117058.265625,49.3828125,200.39453125,117897.37890625,886.64453125,1039.5078125,116858.1953125,117619.5546875
6,2000000,0.1,2811363264,True,,50,160.4211802482605,160.45388770103455,0.031592607498168945,160.4211802482605,116857.87109375,117008.89453125,117058.26953125,49.375,200.3984375,117897.37109375,886.625,1039.5,116858.20703125,117619.5546875
6,2000000,0.1,1884968544,True,,50,175.01856184005737,175.05069732666016,0.0311279296875,175.01856184005737,116857.87109375,117008.859375,117058.2734375,49.4140625,200.40234375,117897.34765625,886.63671875,1039.4765625,116858.171875,117619.5546875
6,2000000,0.1,1859786275,True,,50,176.16550040245056,176.19829511642456,0.031804800033569336,176.16550040245056,116857.87109375,117008.8984375,117058.2734375,49.375,200.40234375,117897.34765625,886.59765625,1039.4765625,116858.2109375,117619.5546875
9,1000,1.0,383329927,True,,50,0.32210445404052734,0.32352709770202637,0.0002524852752685547,0.32210445404052734,116857.87890625,116856.47265625,116859.5625,3.08984375,1.68359375,116859.5625,1.23828125,1.68359375,116858.0703125,116859.5625
9,1000,1.0,3324115916,True,,50,0.2882802486419678,0.28944945335388184,0.0002105236053466797,0.2882802486419678,116857.8828125,116858.203125,116859.5625,1.359375,1.6796875,116859.5625,1.359375,1.6796875,116858.07421875,116859.4375
9,1000,1.0,2811363264,True,,50,0.2620542049407959,0.2634716033935547,0.00020837783813476562,0.2620542049407959,116857.8828125,116858.203125,116859.5625,1.359375,1.6796875,116859.5625,1.359375,1.6796875,116858.07421875,116859.4375
9,1000,1.0,1884968544,True,,50,0.3309319019317627,0.33236145973205566,0.00022745132446289062,0.3309319019317627,116857.8828125,116858.203125,116859.5625,1.359375,1.6796875,116859.5625,1.359375,1.6796875,116858.07421875,116859.4375
9,1000,1.0,1859786275,True,,50,0.2669694423675537,0.2680184841156006,0.00018596649169921875,0.2669694423675537,116857.8828125,116858.203125,116859.5625,1.359375,1.6796875,116859.5625,1.359375,1.6796875,116858.07421875,116859.4375
9,1000,0.1,383329927,True,,50,0.16487360000610352,0.1659870147705078,0.00021648406982421875,0.16487360000610352,116857.8828125,116858.203125,116859.65625,1.453125,1.7734375,116859.65625,1.453125,1.7734375,116858.07421875,116859.4765625
9,1000,0.1,3324115916,True,,50,0.12193894386291504,0.12324810028076172,0.00021600723266601562,0.12193894386291504,116857.8828125,116858.203125,116859.66015625,1.45703125,1.77734375,116859.66015625,1.45703125,1.77734375,116858.07421875,116859.48046875
9,1000,0.1,2811363264,True,,50,0.10935044288635254,0.11039447784423828,0.00018167495727539062,0.10935044288635254,116857.8828125,116858.203125,116859.66015625,1.45703125,1.77734375,116859.66015625,1.45703125,1.77734375,116858.07421875,116859.51171875
9,1000,0.1,1884968544,True,,50,0.09723210334777832,0.09858441352844238,0.00018906593322753906,0.09723210334777832,116857.8828125,116856.3515625,116859.6640625,3.3125,1.78125,116859.6640625,1.4609375,1.78125,116858.07421875,116859.31640625
9,1000,0.1,1859786275,True,,50,0.11673331260681152,0.11771583557128906,0.00018644332885742188,0.11673331260681152,116857.8828125,116858.203125,116859.6640625,1.4609375,1.78125,116859.6640625,1.4609375,1.78125,116858.07421875,116859.48046875
9,2000,1.0,383329927,True,,50,1.0273973941802979,1.0288350582122803,0.0003299713134765625,1.0273973941802979,116857.89453125,116856.36328125,116859.5703125,3.20703125,1.67578125,116859.5703125,1.35546875,1.67578125,116858.0859375,116859.4453125
9,2000,1.0,3324115916,True,,50,0.6545040607452393,0.6555399894714355,0.0002856254577636719,0.6545040607452393,116857.89453125,116858.21484375,116859.5703125,1.35546875,1.67578125,116859.5703125,1.35546875,1.67578125,116858.0859375,116859.4453125
9,2000,1.0,2811363264,True,,50,0.8379077911376953,0.839057445526123,0.00029158592224121094,0.8379077911376953,116857.89453125,116858.21484375,116859.5703125,1.35546875,1.67578125,116859.5703125,1.35546875,1.67578125,116858.0859375,116859.4453125
9,2000,1.0,1884968544,True,,50,0.8447787761688232,0.8459949493408203,0.00029206275939941406,0.8447787761688232,116857.89453125,116858.21484375,116859.5703125,1.35546875,1.67578125,116859.5703125,1.35546875,1.67578125,116858.0859375,116859.4453125
9,2000,1.0,1859786275,True,,50,0.9138906002044678,0.9152476787567139,0.0003304481506347656,0.9138906002044678,116857.89453125,116858.21484375,116859.5703125,1.35546875,1.67578125,116859.5703125,1.35546875,1.67578125,116858.0859375,116859.4453125
9,2000,0.1,383329927,True,,50,0.20003747940063477,0.20134997367858887,0.0002951622009277344,0.20003747940063477,116857.89453125,116858.21484375,116859.671875,1.45703125,1.77734375,116859.671875,1.45703125,1.77734375,116858.0859375,116859.515625
9,2000,0.1,3324115916,True,,50,0.1743943691253662,0.17559313774108887,0.000286102294921875,0.1743943691253662,116857.89453125,116858.21484375,116859.671875,1.45703125,1.77734375,116859.671875,1.45703125,1.77734375,116858.0859375,116859.5
9,2000,0.1,2811363264,True,,50,0.19056963920593262,0.19152617454528809,0.00023818016052246094,0.19056963920593262,116857.89453125,116856.48828125,116859.671875,3.18359375,1.77734375,116859.671875,1.33203125,1.77734375,116858.0859375,116859.625
9,2000,0.1,1884968544,True,,50,0.19059062004089355,0.19193148612976074,0.00032329559326171875,0.19059062004089355,116857.8984375,116856.3671875,116859.67578125,3.30859375,1.77734375,116859.67578125,1.45703125,1.77734375,116858.08984375,116859.50390625
9,2000,0.1,1859786275,True,,50,0.22243332862854004,0.22350859642028809,0.0002665519714355469,0.22243332862854004,116857.8984375,116856.3671875,116859.67578125,3.30859375,1.77734375,116859.67578125,1.45703125,1.77734375,116858.08984375,116859.50390625
9,10000,1.0,383329927,True,,50,3.796434164047241,3.797868013381958,0.0006222724914550781,3.796434164047241,116857.90625,116856.5,116860.03125,3.53125,2.125,116860.03125,1.6796875,2.125,116858.09765625,116859.72265625
9,10000,1.0,3324115916,True,,50,4.4774699211120605,4.47908091545105,0.0007414817810058594,4.4774699211120605,116857.90625,116856.5,116860.03125,3.53125,2.125,116860.03515625,1.68359375,2.12890625,116858.09765625,116859.72265625
9,10000,1.0,2811363264,True,,50,4.51154637336731,4.513216257095337,0.0007736682891845703,4.51154637336731,116857.90625,116858.3515625,116860.03125,1.6796875,2.125,116860.03515625,1.68359375,2.12890625,116858.09765625,116859.72265625
9,10000,1.0,1884968544,True,,50,4.890766143798828,4.8920745849609375,0.0006458759307861328,4.890766143798828,116857.90625,116856.5,116860.03515625,3.53515625,2.12890625,116860.0390625,1.6875,2.1328125,116858.09765625,116859.7265625
9,10000,1.0,1859786275,True,,50,4.7566142082214355,4.758386850357056,0.00080108642578125,4.7566142082214355,116857.90625,116856.5,116859.78515625,3.28515625,1.87890625,116860.03515625,1.68359375,2.12890625,116858.09765625,116859.7265625
9,10000,0.1,383329927,True,,50,0.9946029186248779,0.9960846900939941,0.0006842613220214844,0.9946029186248779,116857.90625,116858.3515625,116859.81640625,1.46484375,1.91015625,116859.81640625,1.46484375,1.91015625,116858.09765625,116859.81640625
9,10000,0.1,3324115916,True,,50,0.5458648204803467,0.5474255084991455,0.0007436275482177734,0.5458648204803467,116857.90625,116856.5,116859.81640625,3.31640625,1.91015625,116859.81640625,1.46484375,1.91015625,116858.09765625,116859.81640625
9,10000,0.1,2811363264,True,,50,0.5663905143737793,0.5676653385162354,0.0005846023559570312,0.5663905143737793,116857.91015625,116856.50390625,116859.81640625,3.3125,1.90625,116859.81640625,1.4609375,1.90625,116858.1015625,116859.81640625
9,10000,0.1,1884968544,True,,50,0.8298637866973877,0.8311591148376465,0.0006055831909179688,0.8298637866973877,116857.91015625,116856.50390625,116859.8203125,3.31640625,1.91015625,116859.8203125,1.46484375,1.91015625,116858.1015625,116859.8203125
9,10000,0.1,1859786275,True,,50,0.7787361145019531,0.780158281326294,0.0006594657897949219,0.7787361145019531,116857.91015625,116856.50390625,116859.8203125,3.31640625,1.91015625,116859.8203125,1.46484375,1.91015625,116858.1015625,116859.8203125
9,20000,1.0,383329927,True,,50,6.780869483947754,6.782909870147705,0.0012023448944091797,6.780869483947754,116857.91796875,116856.51171875,116860.046875,3.53515625,2.12890625,116860.05078125,1.6875,2.1328125,116858.109375,116859.73828125
9,20000,1.0,3324115916,True,,50,7.474223852157593,7.476604223251343,0.0012829303741455078,7.474223852157593,116857.91796875,116856.51171875,116860.046875,3.53515625,2.12890625,116860.05078125,1.6875,2.1328125,116858.109375,116859.73828125
9,20000,1.0,2811363264,True,,50,9.688724756240845,9.690736293792725,0.0011229515075683594,9.688724756240845,116857.91796875,116856.51171875,116860.05078125,3.5390625,2.1328125,116860.0546875,1.69140625,2.13671875,116858.109375,116859.7421875
9,20000,1.0,1884968544,True,,50,12.297161102294922,12.299157857894897,0.0010983943939208984,12.297161102294922,116857.91796875,116856.51171875,116860.05078125,3.5390625,2.1328125,116860.0546875,1.69140625,2.13671875,116858.109375,116859.7421875
9,20000,1.0,1859786275,True,,50,9.936772346496582,9.938711881637573,0.00112152099609375,9.936772346496582,116857.91796875,116856.51171875,116860.05078125,3.5390625,2.1328125,116860.05078125,1.6875,2.1328125,116858.109375,116859.7421875
9,20000,0.1,383329927,True,,50,1.5929174423217773,1.5950367450714111,0.0011916160583496094,1.5929174423217773,116857.91796875,116856.51171875,116859.83203125,3.3203125,1.9140625,116859.83203125,1.46875,1.9140625,116858.109375,116859.828125
9,20000,0.1,3324115916,True,,50,1.3295111656188965,1.3315865993499756,0.001142740249633789,1.3295111656188965,116857.921875,116856.515625,116859.83203125,3.31640625,1.91015625,116859.83203125,1.46484375,1.91015625,116858.11328125,116859.83203125
9,20000,0.1,2811363264,True,,50,1.6451842784881592,1.6470637321472168,0.0010929107666015625,1.6451842784881592,116857.921875,116856.515625,116859.83203125,3.31640625,1.91015625,116859.83203125,1.46484375,1.91015625,116858.11328125,116859.83203125
9,20000,0.1,1884968544,True,,50,1.7121505737304688,1.7143027782440186,0.0012731552124023438,1.7121505737304688,116857.921875,116858.3671875,116859.83203125,1.46484375,1.91015625,116859.83203125,1.46484375,1.91015625,116858.11328125,116859.83203125
9,20000,0.1,1859786275,True,,50,2.4299724102020264,2.431852102279663,0.0010781288146972656,2.4299724102020264,116857.921875,116856.515625,116859.8359375,3.3203125,1.9140625,116859.8359375,1.46875,1.9140625,116858.11328125,116859.8359375
9,100000,1.0,383329927,True,,50,65.30519652366638,65.31083869934082,0.004752635955810547,65.30519652366638,116857.9296875,116858.375,116860.0,1.625,2.0703125,116860.0625,1.6875,2.1328125,116858.12109375,116859.75390625
9,100000,1.0,3324115916,True,,50,74.25279259681702,74.25835132598877,0.004692554473876953,74.25279259681702,116857.9296875,116858.375,116860.06640625,1.69140625,2.13671875,116860.0703125,1.6953125,2.140625,116858.12109375,116859.7578125
9,100000,1.0,2811363264,True,,50,66.64883041381836,66.6543984413147,0.00475001335144043,66.64883041381836,116857.9296875,116858.375,116860.06640625,1.69140625,2.13671875,116860.0703125,1.6953125,2.140625,116858.12109375,116859.7578125
9,100000,1.0,1884968544,True,,50,78.16345930099487,78.16899061203003,0.00464320182800293,78.16345930099487,116857.9296875,116858.375,116860.06640625,1.69140625,2.13671875,116860.0703125,1.6953125,2.140625,116858.12109375,116859.7578125
9,100000,1.0,1859786275,True,,50,120.0961172580719,120.10176634788513,0.00481724739074707,120.0961172580719,116857.9296875,116856.5234375,116860.06640625,3.54296875,2.13671875,116860.0703125,1.6953125,2.140625,116858.12109375,116859.7578125
9,100000,0.1,383329927,True,,50,6.084264516830444,6.089974641799927,0.004772186279296875,6.084264516830444,116857.93359375,116856.52734375,116859.97265625,3.4453125,2.0390625,116859.9765625,1.59765625,2.04296875,116858.125,116859.8515625
9,100000,0.1,3324115916,True,,50,8.177232503890991,8.182787656784058,0.004737377166748047,8.177232503890991,116857.93359375,116856.52734375,116859.84765625,3.3203125,1.9140625,116859.97265625,1.59375,2.0390625,116858.125,116859.8515625
9,100000,0.1,2811363264,True,,50,8.042989015579224,8.048663139343262,0.004744529724121094,8.042989015579224,116857.93359375,116858.37890625,116859.97265625,1.59375,2.0390625,116859.9765625,1.59765625,2.04296875,116858.125,116859.8515625
9,100000,0.1,1884968544,True,,50,7.5340681076049805,7.539641380310059,0.004731655120849609,7.5340681076049805,116857.93359375,116856.52734375,116859.8515625,3.32421875,1.91796875,116859.85546875,1.4765625,1.921875,116858.125,116859.85546875
9,100000,0.1,1859786275,True,,50,7.688580513000488,7.694294214248657,0.004807710647583008,7.688580513000488,116857.93359375,116856.52734375,116859.8515625,3.32421875,1.91796875,116859.9765625,1.59765625,2.04296875,116858.125,116859.85546875
9,200000,1.0,383329927,True,,50,367.9917747974396,368.0021393299103,0.009203433990478516,367.9917747974396,116857.94921875,116856.54296875,116860.078125,3.53515625,2.12890625,116860.08203125,1.6875,2.1328125,116858.140625,116859.76953125
9,200000,1.0,3324115916,True,,50,119.31636714935303,119.32664799690247,0.009433269500732422,119.31636714935303,116857.94921875,116856.54296875,116860.078125,3.53515625,2.12890625,116860.08203125,1.6875,2.1328125,116858.140625,116859.76953125
9,200000,1.0,2811363264,True,,50,114.48388123512268,114.49424505233765,0.009433507919311523,114.48388123512268,116857.94921875,116856.54296875,116860.078125,3.53515625,2.12890625,116860.078125,1.68359375,2.12890625,116858.140625,116859.76953125
9,200000,1.0,1884968544,True,,50,76.08707880973816,76.09703493118286,0.008918523788452148,76.08707880973816,116857.94921875,116858.39453125,116860.08203125,1.6875,2.1328125,116860.08203125,1.6875,2.1328125,116858.140625,116859.7734375
9,200000,1.0,1859786275,True,,50,119.60527896881104,119.61584830284119,0.009336471557617188,119.60527896881104,116857.94921875,116856.54296875,116860.08203125,3.5390625,2.1328125,116860.0859375,1.69140625,2.13671875,116858.140625,116859.7734375
9,200000,0.1,383329927,True,,50,14.53975772857666,14.549838066101074,0.009079217910766602,14.53975772857666,116857.94921875,116856.54296875,116859.98828125,3.4453125,2.0390625,116859.9921875,1.59765625,2.04296875,116858.140625,116859.8671875
9,200000,0.1,3324115916,True,,50,18.474908590316772,18.497707843780518,0.021480083465576172,18.474908590316772,116857.94921875,116858.39453125,116859.98828125,1.59375,2.0390625,116859.9921875,1.59765625,2.04296875,116858.140625,116859.8671875
9,200000,0.1,2811363264,True,,50,14.023549318313599,14.033920049667358,0.00944066047668457,14.023549318313599,116857.94921875,116856.54296875,116859.98828125,3.4453125,2.0390625,116859.9921875,1.59765625,2.04296875,116858.140625,116859.8671875
9,200000,0.1,1884968544,True,,50,35.30266714096069,35.31327486038208,0.0093231201171875,35.30266714096069,116857.94921875,116856.54296875,116859.9921875,3.44921875,2.04296875,116859.9921875,1.59765625,2.04296875,116858.140625,116859.87109375
9,200000,0.1,1859786275,True,,50,16.788827896118164,16.799164295196533,0.009284496307373047,16.788827896118164,116857.94921875,116856.54296875,116859.99609375,3.453125,2.046875,116860.0,1.60546875,2.05078125,116858.140625,116859.875
9,1000000,1.0,383329927,True,,50,1785.0676233768463,1785.084554195404,0.01528167724609375,1785.0676233768463,116857.96484375,116932.640625,117005.04296875,72.40234375,147.078125,117447.26171875,512.76953125,589.296875,116858.15625,117409.5078125
9,1000000,1.0,3324115916,True,,50,896.9926466941833,897.0087215900421,0.014992713928222656,896.9926466941833,116857.96484375,116932.8515625,117005.04296875,72.19140625,147.078125,117447.2578125,512.5546875,589.29296875,116858.2734375,117407.5078125
9,1000000,1.0,2811363264,True,,50,564.3199026584625,564.336140871048,0.014983654022216797,564.3199026584625,116857.96484375,116932.8359375,117005.04296875,72.20703125,147.078125,117447.265625,512.578125,589.30078125,116858.2578125,117401.5078125
9,1000000,1.0,1884968544,True,,50,777.18962931633,777.2057137489319,0.015036821365356445,777.18962931633,116857.96484375,116932.7734375,117005.04296875,72.26953125,147.078125,117447.265625,512.640625,589.30078125,116858.1953125,117413.5078125
9,1000000,1.0,1859786275,True,,50,681.6663410663605,681.6826074123383,0.015122652053833008,681.6663410663605,116857.96484375,116932.7265625,117005.04296875,72.31640625,147.078125,117447.2578125,512.6796875,589.29296875,116858.15625,117417.5078125
9,1000000,0.1,383329927,True,,50,91.9851975440979,92.00122022628784,0.014934301376342773,91.9851975440979,116857.96484375,116932.72265625,117054.421875,121.69921875,196.45703125,117531.125,596.55078125,673.16015625,116858.15625,117283.1875
9,1000000,0.1,3324115916,True,,50,68.00182604789734,68.01796579360962,0.014887332916259766,68.00182604789734,116857.96484375,116932.74609375,117054.421875,121.67578125,196.45703125,117531.13671875,596.5390625,673.171875,116858.16796875,117283.1875
9,1000000,0.1,2811363264,True,,50,195.18237948417664,195.19821643829346,0.014986276626586914,195.18237948417664,116857.96484375,116932.7421875,117054.421875,121.6796875,196.45703125,117531.13671875,596.54296875,673.171875,116858.1640625,117283.1875
9,1000000,0.1,1884968544,True,,50,128.81922435760498,128.83554816246033,0.01524209976196289,128.81922435760498,116857.96484375,116932.72265625,117054.421875,121.69921875,196.45703125,117531.13671875,596.5625,673.171875,116858.15625,117283.1875
9,1000000,0.1,1859786275,True,,50,130.3152253627777,130.33150720596313,0.015053272247314453,130.3152253627777,116857.96484375,116932.7578125,117054.42578125,121.66796875,196.4609375,117531.12890625,596.51953125,673.1640625,116858.1796875,117283.19140625
9,2000000,1.0,383329927,True,,50,2829.238923072815,2829.2721762657166,0.031612396240234375,2829.238923072815,116857.96484375,117009.1328125,117165.140625,156.0078125,307.17578125,117981.1953125,970.2109375,1123.23046875,116858.1875,117780.41015625
9,2000000,1.0,3324115916,True,,50,1726.0331587791443,1726.0664014816284,0.03166818618774414,1726.0331587791443,116857.96875,117009.15234375,117165.14453125,155.9921875,307.17578125,117981.19921875,970.1953125,1123.23046875,116858.20703125,117778.41796875
9,2000000,1.0,2811363264,False,timeout after 3600s,50,,,,,,,,,,,,,,
9,2000000,1.0,1884968544,True,,50,2014.5768268108368,2014.6095867156982,0.03150510787963867,2014.5768268108368,116857.9765625,117008.91015625,117180.47265625,171.5625,322.49609375,117996.52734375,985.765625,1138.55078125,116858.22265625,117782.421875
9,2000000,1.0,1859786275,True,,50,3119.6840472221375,3119.7164664268494,0.031193017959594727,3119.6840472221375,116857.9765625,117009.1484375,117165.14453125,155.99609375,307.16796875,117981.19921875,970.19921875,1123.22265625,116858.203125,117782.421875
9,2000000,0.1,383329927,True,,50,173.91010737419128,173.9433376789093,0.03161764144897461,173.91010737419128,116857.9765625,117008.91015625,117218.58984375,209.6796875,360.61328125,118103.44921875,1092.6875,1245.47265625,116858.22265625,117813.55859375
9,2000000,0.1,3324115916,True,,50,189.78689408302307,189.81970596313477,0.0317234992980957,189.78689408302307,116857.9765625,117009.15625,117218.58984375,209.43359375,360.61328125,118103.44921875,1092.44140625,1245.47265625,116858.2109375,117813.5546875
9,2000000,0.1,2811363264,True,,50,193.2799255847931,193.31265306472778,0.031586408615112305,193.2799255847931,116857.9765625,117008.91796875,117218.58984375,209.671875,360.61328125,118103.4921875,1092.72265625,1245.515625,116858.23046875,117813.5546875
9,2000000,0.1,1884968544,True,,50,215.08451747894287,215.11780452728271,0.0316929817199707,215.08451747894287,116857.9765625,117009.14453125,117218.58984375,209.4453125,360.61328125,118103.44921875,1092.453125,1245.47265625,116858.19921875,117813.5546875
9,2000000,0.1,1859786275,True,,50,199.12068247795105,199.15290474891663,0.031141042709350586,199.12068247795105,116857.9765625,117008.91015625,117218.59375,209.68359375,360.6171875,118103.48046875,1092.71875,1245.50390625,116858.22265625,117813.55859375
