celltype,time,rss,varexpl,seed,n_samples,n_dimensions,n_archetypes,init_alg,optim_alg
T4,105.9658854007721,1015584.5,0.59340215,383329927,249824,10,4,uniform,projected_gradients
T4,101.79528880119324,1016803.1,0.5929115,3324115916,249824,10,4,uniform,projected_gradients
T4,100.43017554283142,1016409.4,0.59308636,2811363264,249824,10,4,uniform,projected_gradients
T4,108.11076307296753,1013871.25,0.5940923,1884968544,249824,10,4,uniform,projected_gradients
T4,104.9839813709259,1015649.06,0.5933864,1859786275,249824,10,4,uniform,projected_gradients
T4,109.95259213447571,1015270.1,0.59352523,3687649985,249824,10,4,uniform,projected_gradients
T4,102.10276007652283,1013536.4,0.59422505,369133708,249824,10,4,uniform,projected_gradients
T4,102.94961929321289,1015171.4,0.59357715,2995172877,249824,10,4,uniform,projected_gradients
T4,100.74516868591309,1015443.6,0.59346616,865305066,249824,10,4,uniform,projected_gradients
T4,117.9231584072113,1015876.06,0.5932966,404488628,249824,10,4,uniform,projected_gradients
T4,176.94871377944946,1016291.06,0.59311986,2261209995,249824,10,4,uniform,projected_gradients
T4,81.45845127105713,1016461.3,0.5930486,4190266092,249824,10,4,uniform,projected_gradients
T4,93.86028337478638,1015340.9,0.5935031,3160032368,249824,10,4,uniform,projected_gradients
T4,173.42352437973022,1015614.25,0.59339446,3269070126,249824,10,4,uniform,projected_gradients
T4,100.55271816253662,1016276.4,0.59313107,3081541439,249824,10,4,uniform,projected_gradients
T4,121.05180382728577,1018456.8,0.5922494,3376120482,249824,10,4,uniform,projected_gradients
T4,88.81054854393005,1013497.0,0.5942405,2204291346,249824,10,4,uniform,projected_gradients
T4,95.71059918403625,1014303.5,0.59391046,550243861,249824,10,4,uniform,projected_gradients
T4,119.41200947761536,1014149.44,0.5939841,3606691181,249824,10,4,uniform,projected_gradients
T4,64.14180278778076,1016680.7,0.5929648,1934392872,249824,10,4,uniform,projected_gradients
T4,114.28836798667908,1027179.8,0.5887713,383329927,249824,10,4,uniform,frank_wolfe
T4,153.68313717842102,1023377.75,0.5902916,3324115916,249824,10,4,uniform,frank_wolfe
T4,144.04361701011658,1021694.0,0.59096515,2811363264,249824,10,4,uniform,frank_wolfe
T4,91.15425539016724,1023407.25,0.590279,1884968544,249824,10,4,uniform,frank_wolfe
T4,93.85652375221252,1022960.9,0.5904572,1859786275,249824,10,4,uniform,frank_wolfe
T4,115.69324135780334,1023174.44,0.59037477,3687649985,249824,10,4,uniform,frank_wolfe
T4,97.72273564338684,1021330.5,0.5911112,369133708,249824,10,4,uniform,frank_wolfe
T4,121.07363653182983,1022399.5,0.5906798,2995172877,249824,10,4,uniform,frank_wolfe
T4,97.20028519630432,1024174.7,0.5899743,865305066,249824,10,4,uniform,frank_wolfe
T4,123.14626336097717,1024688.0,0.5897744,404488628,249824,10,4,uniform,frank_wolfe
T4,202.78745436668396,1022244.9,0.59074426,2261209995,249824,10,4,uniform,frank_wolfe
T4,147.07127571105957,1022834.1,0.5905079,4190266092,249824,10,4,uniform,frank_wolfe
T4,99.98110556602478,1023539.2,0.5902263,3160032368,249824,10,4,uniform,frank_wolfe
T4,120.28576827049255,1021030.7,0.59122974,3269070126,249824,10,4,uniform,frank_wolfe
T4,176.00307631492615,1021895.1,0.59088355,3081541439,249824,10,4,uniform,frank_wolfe
T4,155.20884609222412,1022459.5,0.5906591,3376120482,249824,10,4,uniform,frank_wolfe
T4,78.84871315956116,1022551.3,0.59061885,2204291346,249824,10,4,uniform,frank_wolfe
T4,104.99729299545288,1025034.56,0.5896305,550243861,249824,10,4,uniform,frank_wolfe
T4,125.07671308517456,1023967.75,0.59006274,3606691181,249824,10,4,uniform,frank_wolfe
T4,92.68766140937805,1022969.4,0.5904539,1934392872,249824,10,4,uniform,frank_wolfe
T4,62.68441104888916,1021430.0,0.59105986,383329927,249824,10,4,furthest_sum,projected_gradients
T4,57.28124141693115,1019776.1,0.59172636,3324115916,249824,10,4,furthest_sum,projected_gradients
T4,67.90525102615356,1018476.25,0.5922465,2811363264,249824,10,4,furthest_sum,projected_gradients
T4,53.14399075508118,1020607.94,0.59140337,1884968544,249824,10,4,furthest_sum,projected_gradients
T4,59.19702959060669,1019032.75,0.59203255,1859786275,249824,10,4,furthest_sum,projected_gradients
T4,59.995872259140015,1017349.06,0.59270054,3687649985,249824,10,4,furthest_sum,projected_gradients
T4,55.5245406627655,1020452.5,0.5914553,369133708,249824,10,4,furthest_sum,projected_gradients
T4,55.10784983634949,1018114.75,0.59240025,2995172877,249824,10,4,furthest_sum,projected_gradients
T4,57.6548056602478,1020629.1,0.5913809,865305066,249824,10,4,furthest_sum,projected_gradients
T4,65.2531955242157,1019042.8,0.592021,404488628,249824,10,4,furthest_sum,projected_gradients
T4,80.41709089279175,1015006.56,0.5936438,2261209995,249824,10,4,furthest_sum,projected_gradients
T4,56.40840029716492,1023691.25,0.59016836,4190266092,249824,10,4,furthest_sum,projected_gradients
T4,55.24207067489624,1019736.94,0.5917496,3160032368,249824,10,4,furthest_sum,projected_gradients
T4,65.83866095542908,1018530.9,0.5922144,3269070126,249824,10,4,furthest_sum,projected_gradients
T4,62.952420234680176,1020087.0,0.59160507,3081541439,249824,10,4,furthest_sum,projected_gradients
T4,50.71671533584595,1020782.94,0.59133726,3376120482,249824,10,4,furthest_sum,projected_gradients
T4,64.79473495483398,1015264.4,0.5935449,2204291346,249824,10,4,furthest_sum,projected_gradients
T4,58.93599724769592,1017268.06,0.59272975,550243861,249824,10,4,furthest_sum,projected_gradients
T4,80.48167133331299,1016099.25,0.5932049,3606691181,249824,10,4,furthest_sum,projected_gradients
T4,64.24617910385132,1016002.25,0.5932311,1934392872,249824,10,4,furthest_sum,projected_gradients
T4,28.656558752059937,1024218.4,0.5899499,383329927,249824,10,4,furthest_sum,frank_wolfe
T4,44.64610004425049,1023607.8,0.5902049,3324115916,249824,10,4,furthest_sum,frank_wolfe
T4,34.134243965148926,1022934.06,0.5904697,2811363264,249824,10,4,furthest_sum,frank_wolfe
T4,29.28395438194275,1025538.9,0.5894247,1884968544,249824,10,4,furthest_sum,frank_wolfe
T4,47.123265981674194,1022354.4,0.5906992,1859786275,249824,10,4,furthest_sum,frank_wolfe
T4,36.003780126571655,1022212.75,0.5907578,3687649985,249824,10,4,furthest_sum,frank_wolfe
T4,40.491307973861694,1023031.7,0.59043264,369133708,249824,10,4,furthest_sum,frank_wolfe
T4,31.27629780769348,1025525.7,0.589429,2995172877,249824,10,4,furthest_sum,frank_wolfe
T4,32.95388627052307,1024586.8,0.5898101,865305066,249824,10,4,furthest_sum,frank_wolfe
T4,53.487520933151245,1022878.4,0.5904891,404488628,249824,10,4,furthest_sum,frank_wolfe
T4,43.3903603553772,1023684.25,0.59016967,2261209995,249824,10,4,furthest_sum,frank_wolfe
T4,31.36157727241516,1021972.44,0.59085125,4190266092,249824,10,4,furthest_sum,frank_wolfe
T4,31.932424783706665,1022784.75,0.59053,3160032368,249824,10,4,furthest_sum,frank_wolfe
T4,30.936265468597412,1022200.9,0.5907616,3269070126,249824,10,4,furthest_sum,frank_wolfe
T4,41.40841794013977,1026488.8,0.5890514,3081541439,249824,10,4,furthest_sum,frank_wolfe
T4,50.77756357192993,1024349.7,0.5899084,3376120482,249824,10,4,furthest_sum,frank_wolfe
T4,47.686169385910034,1024689.6,0.58976746,2204291346,249824,10,4,furthest_sum,frank_wolfe
T4,50.28600096702576,1021428.3,0.5910714,550243861,249824,10,4,furthest_sum,frank_wolfe
T4,34.49911379814148,1025799.75,0.5893246,3606691181,249824,10,4,furthest_sum,frank_wolfe
T4,48.97069454193115,1023624.44,0.5901944,1934392872,249824,10,4,furthest_sum,frank_wolfe
T4,39.94170093536377,1019667.3,0.5917682,383329927,249824,10,4,plus_plus,projected_gradients
T4,52.19035506248474,1014947.2,0.593663,3324115916,249824,10,4,plus_plus,projected_gradients
T4,62.9265239238739,1017171.25,0.59277356,2811363264,249824,10,4,plus_plus,projected_gradients
T4,68.48086810112,1014636.06,0.5937811,1884968544,249824,10,4,plus_plus,projected_gradients
T4,92.91961240768433,1017189.6,0.5927691,1859786275,249824,10,4,plus_plus,projected_gradients
T4,45.585280418395996,1019898.5,0.59167975,3687649985,249824,10,4,plus_plus,projected_gradients
T4,60.07115149497986,1015582.1,0.5934078,369133708,249824,10,4,plus_plus,projected_gradients
T4,82.22083497047424,1013177.06,0.5943612,2995172877,249824,10,4,plus_plus,projected_gradients
T4,43.52505135536194,1017765.1,0.5925339,865305066,249824,10,4,plus_plus,projected_gradients
T4,47.025025367736816,1016144.06,0.5931873,404488628,249824,10,4,plus_plus,projected_gradients
T4,48.63081479072571,1014832.3,0.5937042,2261209995,249824,10,4,plus_plus,projected_gradients
T4,56.77273440361023,1014875.3,0.59368974,4190266092,249824,10,4,plus_plus,projected_gradients
T4,45.808454513549805,1014698.2,0.5937659,3160032368,249824,10,4,plus_plus,projected_gradients
T4,55.9419641494751,1012967.75,0.59445274,3269070126,249824,10,4,plus_plus,projected_gradients
T4,48.35057044029236,1014198.7,0.5939671,3081541439,249824,10,4,plus_plus,projected_gradients
T4,70.5786681175232,1016268.6,0.59313667,3376120482,249824,10,4,plus_plus,projected_gradients
T4,45.97624087333679,1015771.9,0.5933336,2204291346,249824,10,4,plus_plus,projected_gradients
T4,45.088069915771484,1017106.2,0.5928005,550243861,249824,10,4,plus_plus,projected_gradients
T4,56.08063793182373,1016979.6,0.59285635,3606691181,249824,10,4,plus_plus,projected_gradients
T4,49.47853112220764,1024934.25,0.5896595,1934392872,249824,10,4,plus_plus,projected_gradients
T4,33.96596097946167,1023105.94,0.59040016,383329927,249824,10,4,plus_plus,frank_wolfe
T4,43.309547662734985,1023352.75,0.5902999,3324115916,249824,10,4,plus_plus,frank_wolfe
T4,53.36046576499939,1024145.9,0.5899879,2811363264,249824,10,4,plus_plus,frank_wolfe
T4,66.98463034629822,1023089.4,0.59040743,1884968544,249824,10,4,plus_plus,frank_wolfe
T4,82.11635541915894,1026015.25,0.5892389,1859786275,249824,10,4,plus_plus,frank_wolfe
T4,39.55487942695618,1023949.2,0.59006166,3687649985,249824,10,4,plus_plus,frank_wolfe
T4,42.767127990722656,1023526.25,0.5902326,369133708,249824,10,4,plus_plus,frank_wolfe
T4,77.06957912445068,1022339.6,0.5907054,2995172877,249824,10,4,plus_plus,frank_wolfe
T4,44.550164461135864,1025093.6,0.5896055,865305066,249824,10,4,plus_plus,frank_wolfe
T4,36.91086673736572,1024232.25,0.58995354,404488628,249824,10,4,plus_plus,frank_wolfe
T4,54.04977560043335,1020664.6,0.59137565,2261209995,249824,10,4,plus_plus,frank_wolfe
T4,33.91000509262085,1022965.25,0.59045506,4190266092,249824,10,4,plus_plus,frank_wolfe
T4,54.10654377937317,1024095.4,0.5900066,3160032368,249824,10,4,plus_plus,frank_wolfe
T4,48.21114134788513,1022423.3,0.5906719,3269070126,249824,10,4,plus_plus,frank_wolfe
T4,36.07286763191223,1023763.5,0.5901365,3081541439,249824,10,4,plus_plus,frank_wolfe
T4,53.78007411956787,1025041.56,0.5896291,3376120482,249824,10,4,plus_plus,frank_wolfe
T4,41.893580198287964,1024609.4,0.5898036,2204291346,249824,10,4,plus_plus,frank_wolfe
T4,45.66859817504883,1024167.25,0.589977,550243861,249824,10,4,plus_plus,frank_wolfe
T4,59.830400466918945,1022837.6,0.5905024,3606691181,249824,10,4,plus_plus,frank_wolfe
T4,69.73849964141846,1024793.0,0.58972883,1934392872,249824,10,4,plus_plus,frank_wolfe
cM,73.79883599281311,798520.8,0.63584054,383329927,219307,10,5,uniform,projected_gradients
cM,97.32226514816284,797828.5,0.6361513,3324115916,219307,10,5,uniform,projected_gradients
cM,68.16171789169312,807390.06,0.63179266,2811363264,219307,10,5,uniform,projected_gradients
cM,91.86794686317444,802443.7,0.6340459,1884968544,219307,10,5,uniform,projected_gradients
cM,66.22768092155457,799297.3,0.6354845,1859786275,219307,10,5,uniform,projected_gradients
cM,32.79508709907532,798070.25,0.6360421,3687649985,219307,10,5,uniform,projected_gradients
cM,41.973095417022705,798554.56,0.63582045,369133708,219307,10,5,uniform,projected_gradients
cM,117.43900609016418,799029.25,0.6356083,2995172877,219307,10,5,uniform,projected_gradients
cM,77.21249651908875,799374.9,0.63544893,865305066,219307,10,5,uniform,projected_gradients
cM,52.49053716659546,798780.2,0.63571787,404488628,219307,10,5,uniform,projected_gradients
cM,40.371684074401855,802066.6,0.63421965,2261209995,219307,10,5,uniform,projected_gradients
cM,55.48285412788391,805750.3,0.6325416,4190266092,219307,10,5,uniform,projected_gradients
cM,167.49310541152954,799653.44,0.6353228,3160032368,219307,10,5,uniform,projected_gradients
cM,45.57023525238037,798482.5,0.63585573,3269070126,219307,10,5,uniform,projected_gradients
cM,129.25075936317444,802582.56,0.6339904,3081541439,219307,10,5,uniform,projected_gradients
cM,65.514089345932,799249.8,0.6355054,3376120482,219307,10,5,uniform,projected_gradients
cM,127.88852834701538,799715.3,0.63529426,2204291346,219307,10,5,uniform,projected_gradients
cM,38.591089725494385,798890.8,0.6356687,550243861,219307,10,5,uniform,projected_gradients
cM,80.66748070716858,799808.94,0.63524956,3606691181,219307,10,5,uniform,projected_gradients
cM,80.4875431060791,797635.8,0.6362394,1934392872,219307,10,5,uniform,projected_gradients
cM,38.87262225151062,802376.25,0.63408124,383329927,219307,10,5,uniform,frank_wolfe
cM,96.5159547328949,803656.6,0.6334979,3324115916,219307,10,5,uniform,frank_wolfe
cM,109.26492285728455,801093.06,0.63466835,2811363264,219307,10,5,uniform,frank_wolfe
cM,92.76020884513855,801934.1,0.6342839,1884968544,219307,10,5,uniform,frank_wolfe
cM,111.31338095664978,801828.6,0.6343337,1859786275,219307,10,5,uniform,frank_wolfe
cM,47.79580569267273,803443.3,0.6335991,3687649985,219307,10,5,uniform,frank_wolfe
cM,99.25173091888428,802182.44,0.6341725,369133708,219307,10,5,uniform,frank_wolfe
cM,64.63643169403076,803449.94,0.6335944,2995172877,219307,10,5,uniform,frank_wolfe
cM,51.029444456100464,802015.8,0.6342455,865305066,219307,10,5,uniform,frank_wolfe
cM,96.78801226615906,804196.94,0.6332546,404488628,219307,10,5,uniform,frank_wolfe
cM,65.01110506057739,804052.5,0.6333186,2261209995,219307,10,5,uniform,frank_wolfe
cM,74.62463665008545,801918.1,0.63428974,4190266092,219307,10,5,uniform,frank_wolfe
cM,114.26339292526245,801467.75,0.63449675,3160032368,219307,10,5,uniform,frank_wolfe
cM,52.2783522605896,801950.9,0.6342798,3269070126,219307,10,5,uniform,frank_wolfe
cM,68.02931141853333,802963.6,0.6338164,3081541439,219307,10,5,uniform,frank_wolfe
cM,64.47839713096619,802213.6,0.6341582,3376120482,219307,10,5,uniform,frank_wolfe
cM,122.83405661582947,803013.25,0.633795,2204291346,219307,10,5,uniform,frank_wolfe
cM,53.35201287269592,803210.0,0.63370275,550243861,219307,10,5,uniform,frank_wolfe
cM,94.24294829368591,803589.25,0.63352966,3606691181,219307,10,5,uniform,frank_wolfe
cM,44.907854318618774,804033.9,0.6333295,1934392872,219307,10,5,uniform,frank_wolfe
cM,55.28132390975952,800356.1,0.6350017,383329927,219307,10,5,furthest_sum,projected_gradients
cM,52.62752079963684,798529.1,0.6358328,3324115916,219307,10,5,furthest_sum,projected_gradients
cM,61.53651976585388,798488.5,0.6358508,2811363264,219307,10,5,furthest_sum,projected_gradients
cM,30.963706254959106,799109.3,0.63556683,1884968544,219307,10,5,furthest_sum,projected_gradients
cM,40.201772689819336,798927.7,0.6356524,1859786275,219307,10,5,furthest_sum,projected_gradients
cM,32.241678953170776,799133.94,0.63555527,3687649985,219307,10,5,furthest_sum,projected_gradients
cM,51.294004678726196,798976.25,0.63563097,369133708,219307,10,5,furthest_sum,projected_gradients
cM,45.75284790992737,798422.94,0.6358799,2995172877,219307,10,5,furthest_sum,projected_gradients
cM,41.37609910964966,798745.1,0.6357324,865305066,219307,10,5,furthest_sum,projected_gradients
cM,50.50404119491577,798396.1,0.63589287,404488628,219307,10,5,furthest_sum,projected_gradients
cM,78.83424925804138,799949.8,0.635187,2261209995,219307,10,5,furthest_sum,projected_gradients
cM,46.48625564575195,799626.3,0.63533264,4190266092,219307,10,5,furthest_sum,projected_gradients
cM,58.16146421432495,798591.1,0.6358025,3160032368,219307,10,5,furthest_sum,projected_gradients
cM,56.70084857940674,799156.44,0.63554925,3269070126,219307,10,5,furthest_sum,projected_gradients
cM,37.27830171585083,798712.7,0.63574964,3081541439,219307,10,5,furthest_sum,projected_gradients
cM,48.49582624435425,798966.44,0.63563275,3376120482,219307,10,5,furthest_sum,projected_gradients
cM,42.86833715438843,798788.44,0.6357148,2204291346,219307,10,5,furthest_sum,projected_gradients
cM,56.67329382896423,798643.75,0.6357797,550243861,219307,10,5,furthest_sum,projected_gradients
cM,52.227864027023315,799263.6,0.6354973,3606691181,219307,10,5,furthest_sum,projected_gradients
cM,53.5634081363678,798637.06,0.63578457,1934392872,219307,10,5,furthest_sum,projected_gradients
cM,45.04581594467163,801514.5,0.63447624,383329927,219307,10,5,furthest_sum,frank_wolfe
cM,42.98172616958618,801982.06,0.6342647,3324115916,219307,10,5,furthest_sum,frank_wolfe
cM,49.322999238967896,803685.2,0.63348645,2811363264,219307,10,5,furthest_sum,frank_wolfe
cM,37.017162799835205,803924.56,0.6333783,1884968544,219307,10,5,furthest_sum,frank_wolfe
cM,43.049312591552734,802292.94,0.6341226,1859786275,219307,10,5,furthest_sum,frank_wolfe
cM,34.69481706619263,802532.06,0.63401246,3687649985,219307,10,5,furthest_sum,frank_wolfe
cM,39.69716215133667,803607.44,0.63352233,369133708,219307,10,5,furthest_sum,frank_wolfe
cM,32.60301923751831,802998.06,0.6338003,2995172877,219307,10,5,furthest_sum,frank_wolfe
cM,33.89152145385742,803021.0,0.63378924,865305066,219307,10,5,furthest_sum,frank_wolfe
cM,40.82486057281494,801787.9,0.6343544,404488628,219307,10,5,furthest_sum,frank_wolfe
cM,48.30527663230896,802804.1,0.63388884,2261209995,219307,10,5,furthest_sum,frank_wolfe
cM,40.883506536483765,802244.94,0.634143,4190266092,219307,10,5,furthest_sum,frank_wolfe
cM,52.65824913978577,803355.8,0.6336355,3160032368,219307,10,5,furthest_sum,frank_wolfe
cM,43.65693426132202,802613.1,0.6339755,3269070126,219307,10,5,furthest_sum,frank_wolfe
cM,40.95182156562805,802726.7,0.6339232,3081541439,219307,10,5,furthest_sum,frank_wolfe
cM,33.63209390640259,802512.7,0.6340193,3376120482,219307,10,5,furthest_sum,frank_wolfe
cM,37.01615905761719,801910.94,0.6342962,2204291346,219307,10,5,furthest_sum,frank_wolfe
cM,35.208433628082275,804298.1,0.63320917,550243861,219307,10,5,furthest_sum,frank_wolfe
cM,37.58398199081421,802627.3,0.6339715,3606691181,219307,10,5,furthest_sum,frank_wolfe
cM,41.975377798080444,803082.6,0.6337606,1934392872,219307,10,5,furthest_sum,frank_wolfe
cM,38.28458523750305,798439.94,0.6358751,383329927,219307,10,5,plus_plus,projected_gradients
cM,83.38106870651245,802431.8,0.6340586,3324115916,219307,10,5,plus_plus,projected_gradients
cM,60.08985877037048,800652.6,0.63486576,2811363264,219307,10,5,plus_plus,projected_gradients
cM,79.91659283638,798972.9,0.6356326,1884968544,219307,10,5,plus_plus,projected_gradients
cM,58.42934036254883,799342.94,0.6354634,1859786275,219307,10,5,plus_plus,projected_gradients
cM,45.279804706573486,800268.6,0.6350388,3687649985,219307,10,5,plus_plus,projected_gradients
cM,36.867178201675415,798625.06,0.6357891,369133708,219307,10,5,plus_plus,projected_gradients
cM,55.6687707901001,799652.1,0.6353208,2995172877,219307,10,5,plus_plus,projected_gradients
cM,73.52078080177307,798437.06,0.635876,865305066,219307,10,5,plus_plus,projected_gradients
cM,89.45099472999573,803974.06,0.6333526,404488628,219307,10,5,plus_plus,projected_gradients
cM,41.565624475479126,799086.06,0.6355788,2261209995,219307,10,5,plus_plus,projected_gradients
cM,56.458537578582764,799137.5,0.6355588,4190266092,219307,10,5,plus_plus,projected_gradients
cM,52.93414759635925,799213.56,0.6355214,3160032368,219307,10,5,plus_plus,projected_gradients
cM,58.97917580604553,797804.0,0.6361642,3269070126,219307,10,5,plus_plus,projected_gradients
cM,75.41680526733398,799239.2,0.6355125,3081541439,219307,10,5,plus_plus,projected_gradients
cM,106.97275114059448,800452.6,0.6349581,3376120482,219307,10,5,plus_plus,projected_gradients
cM,60.26549005508423,799565.06,0.635363,2204291346,219307,10,5,plus_plus,projected_gradients
cM,89.48185610771179,800242.8,0.63505244,550243861,219307,10,5,plus_plus,projected_gradients
cM,88.6092267036438,799751.2,0.6352776,3606691181,219307,10,5,plus_plus,projected_gradients
cM,34.26353693008423,799215.3,0.63551986,1934392872,219307,10,5,plus_plus,projected_gradients
cM,55.75536274909973,802356.5,0.63409454,383329927,219307,10,5,plus_plus,frank_wolfe
cM,62.330432176589966,803826.8,0.6334235,3324115916,219307,10,5,plus_plus,frank_wolfe
cM,60.834314823150635,802535.7,0.63400996,2811363264,219307,10,5,plus_plus,frank_wolfe
cM,42.364357471466064,802830.2,0.6338771,1884968544,219307,10,5,plus_plus,frank_wolfe
cM,52.83005714416504,802435.7,0.63405496,1859786275,219307,10,5,plus_plus,frank_wolfe
cM,56.32424259185791,802764.44,0.63390774,3687649985,219307,10,5,plus_plus,frank_wolfe
cM,40.57165765762329,802091.25,0.6342128,369133708,219307,10,5,plus_plus,frank_wolfe
cM,93.53766775131226,801733.2,0.63437426,2995172877,219307,10,5,plus_plus,frank_wolfe
cM,43.9086172580719,802436.9,0.63405573,865305066,219307,10,5,plus_plus,frank_wolfe
cM,49.48581075668335,803961.3,0.6333631,404488628,219307,10,5,plus_plus,frank_wolfe
cM,36.19714403152466,803153.06,0.6337296,2261209995,219307,10,5,plus_plus,frank_wolfe
cM,53.96533226966858,803619.9,0.6335186,4190266092,219307,10,5,plus_plus,frank_wolfe
cM,50.491467237472534,803412.9,0.6336103,3160032368,219307,10,5,plus_plus,frank_wolfe
cM,78.6834487915039,802698.9,0.6339341,3269070126,219307,10,5,plus_plus,frank_wolfe
cM,83.07519698143005,802663.4,0.6339542,3081541439,219307,10,5,plus_plus,frank_wolfe
cM,77.51848840713501,802101.8,0.63420993,3376120482,219307,10,5,plus_plus,frank_wolfe
cM,56.30543231964111,802265.8,0.63413453,2204291346,219307,10,5,plus_plus,frank_wolfe
cM,60.53565526008606,804020.1,0.6333353,550243861,219307,10,5,plus_plus,frank_wolfe
cM,50.135836601257324,803140.44,0.6337338,3606691181,219307,10,5,plus_plus,frank_wolfe
cM,46.17542481422424,803980.4,0.6333515,1934392872,219307,10,5,plus_plus,frank_wolfe
T8,78.6399416923523,609554.5,0.66766125,383329927,183430,10,4,uniform,projected_gradients
T8,85.524094581604,606433.0,0.669358,3324115916,183430,10,4,uniform,projected_gradients
T8,80.34426283836365,604720.75,0.670291,2811363264,183430,10,4,uniform,projected_gradients
T8,77.16090774536133,604958.0,0.670163,1884968544,183430,10,4,uniform,projected_gradients
T8,87.18472528457642,606842.9,0.6691351,1859786275,183430,10,4,uniform,projected_gradients
T8,102.60731887817383,609803.75,0.66752446,3687649985,183430,10,4,uniform,projected_gradients
T8,90.95423936843872,606278.6,0.66944355,369133708,183430,10,4,uniform,projected_gradients
T8,88.18014860153198,624140.2,0.65971017,2995172877,183430,10,4,uniform,projected_gradients
T8,84.33210849761963,605073.7,0.67009807,865305066,183430,10,4,uniform,projected_gradients
T8,75.66786551475525,607730.5,0.66865104,404488628,183430,10,4,uniform,projected_gradients
T8,104.4552059173584,619447.3,0.66226447,2261209995,183430,10,4,uniform,projected_gradients
T8,73.08271503448486,604874.44,0.67020607,4190266092,183430,10,4,uniform,projected_gradients
T8,88.77989983558655,605484.25,0.66987455,3160032368,183430,10,4,uniform,projected_gradients
T8,90.75535154342651,604120.06,0.6706189,3269070126,183430,10,4,uniform,projected_gradients
T8,164.08244037628174,612536.1,0.66602623,3081541439,183430,10,4,uniform,projected_gradients
T8,87.47826099395752,607756.5,0.6686392,3376120482,183430,10,4,uniform,projected_gradients
T8,91.9380853176117,605867.5,0.6696656,2204291346,183430,10,4,uniform,projected_gradients
T8,151.41638135910034,610743.7,0.6670041,550243861,183430,10,4,uniform,projected_gradients
T8,77.79528498649597,622726.1,0.66048044,3606691181,183430,10,4,uniform,projected_gradients
T8,75.60382747650146,609616.4,0.66762567,1934392872,183430,10,4,uniform,projected_gradients
T8,97.15373277664185,610592.1,0.6671006,383329927,183430,10,4,uniform,frank_wolfe
T8,59.11890625953674,613100.06,0.6657343,3324115916,183430,10,4,uniform,frank_wolfe
T8,47.92713665962219,610689.2,0.66704434,2811363264,183430,10,4,uniform,frank_wolfe
T8,52.05431938171387,610534.25,0.6671329,1884968544,183430,10,4,uniform,frank_wolfe
T8,44.18448328971863,609761.75,0.6675516,1859786275,183430,10,4,uniform,frank_wolfe
T8,94.07106614112854,610153.44,0.66733503,3687649985,183430,10,4,uniform,frank_wolfe
T8,42.011552572250366,612604.06,0.66600406,369133708,183430,10,4,uniform,frank_wolfe
T8,46.51381039619446,631259.0,0.65583485,2995172877,183430,10,4,uniform,frank_wolfe
T8,55.69952416419983,608753.94,0.66810024,865305066,183430,10,4,uniform,frank_wolfe
T8,62.45380926132202,609371.5,0.66776544,404488628,183430,10,4,uniform,frank_wolfe
T8,104.59241437911987,607323.4,0.66887957,2261209995,183430,10,4,uniform,frank_wolfe
T8,57.743189334869385,609555.56,0.6676617,4190266092,183430,10,4,uniform,frank_wolfe
T8,59.90835475921631,608320.8,0.6683373,3160032368,183430,10,4,uniform,frank_wolfe
T8,64.45406460762024,610190.8,0.6673169,3269070126,183430,10,4,uniform,frank_wolfe
T8,74.90297555923462,609810.0,0.66752434,3081541439,183430,10,4,uniform,frank_wolfe
T8,91.28776788711548,613325.75,0.6656069,3376120482,183430,10,4,uniform,frank_wolfe
T8,58.60887432098389,610385.44,0.6672122,2204291346,183430,10,4,uniform,frank_wolfe
T8,88.21085834503174,608558.25,0.6682078,550243861,183430,10,4,uniform,frank_wolfe
T8,87.93509030342102,611164.94,0.6667872,3606691181,183430,10,4,uniform,frank_wolfe
T8,84.5304343700409,610141.06,0.6673454,1934392872,183430,10,4,uniform,frank_wolfe
T8,63.9582314491272,607043.3,0.66903096,383329927,183430,10,4,furthest_sum,projected_gradients
T8,56.96520948410034,606000.8,0.669596,3324115916,183430,10,4,furthest_sum,projected_gradients
T8,60.14626407623291,605963.06,0.66961694,2811363264,183430,10,4,furthest_sum,projected_gradients
T8,59.031420946121216,606698.2,0.6692161,1884968544,183430,10,4,furthest_sum,projected_gradients
T8,62.81759262084961,606574.7,0.66928506,1859786275,183430,10,4,furthest_sum,projected_gradients
T8,44.77114200592041,606860.75,0.66912645,3687649985,183430,10,4,furthest_sum,projected_gradients
T8,71.97193217277527,606178.2,0.66950005,369133708,183430,10,4,furthest_sum,projected_gradients
T8,62.76209592819214,606802.56,0.6691611,2995172877,183430,10,4,furthest_sum,projected_gradients
T8,38.044535875320435,610673.4,0.6670517,865305066,183430,10,4,furthest_sum,projected_gradients
T8,62.35747814178467,607652.9,0.6686961,404488628,183430,10,4,furthest_sum,projected_gradients
T8,41.12588930130005,609068.6,0.6679258,2261209995,183430,10,4,furthest_sum,projected_gradients
T8,60.997334480285645,606813.2,0.6691553,4190266092,183430,10,4,furthest_sum,projected_gradients
T8,74.84196877479553,606517.8,0.66931546,3160032368,183430,10,4,furthest_sum,projected_gradients
T8,61.620418548583984,607547.4,0.6687535,3269070126,183430,10,4,furthest_sum,projected_gradients
T8,51.904786348342896,606734.44,0.669197,3081541439,183430,10,4,furthest_sum,projected_gradients
T8,75.21634197235107,606838.3,0.66914004,3376120482,183430,10,4,furthest_sum,projected_gradients
T8,37.93821620941162,607966.44,0.6685247,2204291346,183430,10,4,furthest_sum,projected_gradients
T8,39.02442955970764,606856.1,0.66913056,550243861,183430,10,4,furthest_sum,projected_gradients
T8,61.079310178756714,607494.6,0.6687829,3606691181,183430,10,4,furthest_sum,projected_gradients
T8,57.84800052642822,606942.5,0.66908365,1934392872,183430,10,4,furthest_sum,projected_gradients
T8,22.401816368103027,610154.6,0.6673371,383329927,183430,10,4,furthest_sum,frank_wolfe
T8,31.977869510650635,609154.1,0.6678812,3324115916,183430,10,4,furthest_sum,frank_wolfe
T8,25.11164879798889,608275.4,0.66836196,2811363264,183430,10,4,furthest_sum,frank_wolfe
T8,21.61469793319702,610315.8,0.66724956,1884968544,183430,10,4,furthest_sum,frank_wolfe
T8,22.057090759277344,610009.06,0.66741705,1859786275,183430,10,4,furthest_sum,frank_wolfe
T8,28.01532244682312,611959.25,0.6663547,3687649985,183430,10,4,furthest_sum,frank_wolfe
T8,25.933711767196655,610048.44,0.6673978,369133708,183430,10,4,furthest_sum,frank_wolfe
T8,30.219898462295532,609356.2,0.66776985,2995172877,183430,10,4,furthest_sum,frank_wolfe
T8,24.101970672607422,610521.6,0.66713864,865305066,183430,10,4,furthest_sum,frank_wolfe
T8,22.643795013427734,610768.44,0.6670044,404488628,183430,10,4,furthest_sum,frank_wolfe
T8,23.58992099761963,609640.8,0.6676193,2261209995,183430,10,4,furthest_sum,frank_wolfe
T8,22.664259672164917,611730.56,0.66647863,4190266092,183430,10,4,furthest_sum,frank_wolfe
T8,20.482057332992554,610294.56,0.6672631,3160032368,183430,10,4,furthest_sum,frank_wolfe
T8,24.397670030593872,610983.8,0.66688865,3269070126,183430,10,4,furthest_sum,frank_wolfe
T8,36.78961944580078,609232.7,0.66784126,3081541439,183430,10,4,furthest_sum,frank_wolfe
T8,25.481137990951538,608801.4,0.66807497,3376120482,183430,10,4,furthest_sum,frank_wolfe
T8,30.964900493621826,611696.5,0.66649806,2204291346,183430,10,4,furthest_sum,frank_wolfe
T8,32.835596799850464,609494.8,0.6676978,550243861,183430,10,4,furthest_sum,frank_wolfe
T8,21.648902416229248,609476.1,0.6677079,3606691181,183430,10,4,furthest_sum,frank_wolfe
T8,21.542274951934814,608908.6,0.66801625,1934392872,183430,10,4,furthest_sum,frank_wolfe
T8,66.29718112945557,605963.06,0.66961455,383329927,183430,10,4,plus_plus,projected_gradients
T8,44.03749060630798,606211.25,0.66947925,3324115916,183430,10,4,plus_plus,projected_gradients
T8,49.429389238357544,603624.7,0.6708866,2811363264,183430,10,4,plus_plus,projected_gradients
T8,50.10402059555054,622493.4,0.66060704,1884968544,183430,10,4,plus_plus,projected_gradients
T8,49.47727108001709,608824.2,0.6680567,1859786275,183430,10,4,plus_plus,projected_gradients
T8,44.32124972343445,604549.94,0.6703845,3687649985,183430,10,4,plus_plus,projected_gradients
T8,69.91774201393127,607573.4,0.66873455,369133708,183430,10,4,plus_plus,projected_gradients
T8,49.17451477050781,610693.2,0.6670392,2995172877,183430,10,4,plus_plus,projected_gradients
T8,54.41557598114014,611995.9,0.66633034,865305066,183430,10,4,plus_plus,projected_gradients
T8,53.63427424430847,605405.06,0.66991764,404488628,183430,10,4,plus_plus,projected_gradients
T8,53.0521776676178,604650.9,0.67032945,2261209995,183430,10,4,plus_plus,projected_gradients
T8,58.03919267654419,606180.7,0.6694954,4190266092,183430,10,4,plus_plus,projected_gradients
T8,52.15086913108826,603485.5,0.6709633,3160032368,183430,10,4,plus_plus,projected_gradients
T8,50.04343843460083,611118.4,0.6668062,3269070126,183430,10,4,plus_plus,projected_gradients
T8,41.92770218849182,605072.9,0.6700973,3081541439,183430,10,4,plus_plus,projected_gradients
T8,50.80195236206055,603924.3,0.67072165,3376120482,183430,10,4,plus_plus,projected_gradients
T8,63.535043239593506,605961.8,0.6696136,2204291346,183430,10,4,plus_plus,projected_gradients
T8,47.35381484031677,610912.3,0.6669206,550243861,183430,10,4,plus_plus,projected_gradients
T8,78.47069954872131,620208.75,0.6618493,3606691181,183430,10,4,plus_plus,projected_gradients
T8,47.69843792915344,604948.9,0.67016685,1934392872,183430,10,4,plus_plus,projected_gradients
T8,26.8325355052948,609828.1,0.6675149,383329927,183430,10,4,plus_plus,frank_wolfe
T8,30.360909700393677,610217.6,0.66730595,3324115916,183430,10,4,plus_plus,frank_wolfe
T8,26.69057536125183,608884.2,0.6680321,2811363264,183430,10,4,plus_plus,frank_wolfe
T8,30.151277780532837,609714.1,0.66757697,1884968544,183430,10,4,plus_plus,frank_wolfe
T8,31.231280088424683,612497.75,0.6660586,1859786275,183430,10,4,plus_plus,frank_wolfe
T8,24.396870374679565,609519.75,0.66768014,3687649985,183430,10,4,plus_plus,frank_wolfe
T8,32.79819464683533,609426.44,0.66773486,369133708,183430,10,4,plus_plus,frank_wolfe
T8,35.39959406852722,611169.5,0.6667855,2995172877,183430,10,4,plus_plus,frank_wolfe
T8,44.80552315711975,612154.6,0.6662508,865305066,183430,10,4,plus_plus,frank_wolfe
T8,25.597984075546265,608385.0,0.6683039,404488628,183430,10,4,plus_plus,frank_wolfe
T8,30.333823680877686,608943.4,0.6679981,2261209995,183430,10,4,plus_plus,frank_wolfe
T8,26.420734882354736,610328.4,0.66723883,4190266092,183430,10,4,plus_plus,frank_wolfe
T8,30.666611671447754,608574.8,0.66819733,3160032368,183430,10,4,plus_plus,frank_wolfe
T8,28.767372608184814,612317.56,0.6661592,3269070126,183430,10,4,plus_plus,frank_wolfe
T8,24.613723278045654,608147.1,0.6684334,3081541439,183430,10,4,plus_plus,frank_wolfe
T8,37.172433376312256,608427.94,0.6682765,3376120482,183430,10,4,plus_plus,frank_wolfe
T8,32.44334697723389,609900.75,0.6674746,2204291346,183430,10,4,plus_plus,frank_wolfe
T8,32.37482738494873,612668.0,0.66597134,550243861,183430,10,4,plus_plus,frank_wolfe
T8,21.400587558746338,629396.5,0.6568514,3606691181,183430,10,4,plus_plus,frank_wolfe
T8,25.133432149887085,610895.5,0.6669325,1934392872,183430,10,4,plus_plus,frank_wolfe
B,26.997899055480957,530024.94,0.5270579,383329927,112076,10,4,uniform,projected_gradients
B,29.282886266708374,531930.0,0.5253582,3324115916,112076,10,4,uniform,projected_gradients
B,32.61665630340576,528998.75,0.5279737,2811363264,112076,10,4,uniform,projected_gradients
B,35.98333382606506,530947.4,0.5262349,1884968544,112076,10,4,uniform,projected_gradients
B,38.59030508995056,530160.4,0.526936,1859786275,112076,10,4,uniform,projected_gradients
B,28.24579668045044,530632.4,0.5265161,3687649985,112076,10,4,uniform,projected_gradients
B,34.21553182601929,527790.4,0.52905244,369133708,112076,10,4,uniform,projected_gradients
B,30.090447664260864,527752.94,0.5290872,2995172877,112076,10,4,uniform,projected_gradients
B,30.764394521713257,529740.25,0.5273099,865305066,112076,10,4,uniform,projected_gradients
B,24.203360080718994,528676.4,0.5282623,404488628,112076,10,4,uniform,projected_gradients
B,20.282025575637817,529551.0,0.5274796,2261209995,112076,10,4,uniform,projected_gradients
B,35.81312894821167,528483.25,0.52843124,4190266092,112076,10,4,uniform,projected_gradients
B,27.673341512680054,527626.75,0.52919936,3160032368,112076,10,4,uniform,projected_gradients
B,25.057651042938232,528450.1,0.5284644,3269070126,112076,10,4,uniform,projected_gradients
B,32.30136728286743,529884.9,0.5271857,3081541439,112076,10,4,uniform,projected_gradients
B,33.04737186431885,529302.4,0.52770454,3376120482,112076,10,4,uniform,projected_gradients
B,40.647189140319824,528981.75,0.5279883,2204291346,112076,10,4,uniform,projected_gradients
B,30.202118396759033,528438.2,0.52847195,550243861,112076,10,4,uniform,projected_gradients
B,26.54942512512207,527937.25,0.52892095,3606691181,112076,10,4,uniform,projected_gradients
B,31.138387203216553,528454.8,0.52845746,1934392872,112076,10,4,uniform,projected_gradients
B,31.22344446182251,532954.1,0.5244508,383329927,112076,10,4,uniform,frank_wolfe
B,49.31525754928589,532445.0,0.5248996,3324115916,112076,10,4,uniform,frank_wolfe
B,40.6740460395813,533626.7,0.52384764,2811363264,112076,10,4,uniform,frank_wolfe
B,59.87433099746704,532879.75,0.524515,1884968544,112076,10,4,uniform,frank_wolfe
B,41.892493724823,534832.25,0.5227727,1859786275,112076,10,4,uniform,frank_wolfe
B,36.256964683532715,533068.5,0.5243478,3687649985,112076,10,4,uniform,frank_wolfe
B,43.68901777267456,533257.4,0.52417827,369133708,112076,10,4,uniform,frank_wolfe
B,30.34290313720703,533174.44,0.52425396,2995172877,112076,10,4,uniform,frank_wolfe
B,31.062212228775024,534153.4,0.5233757,865305066,112076,10,4,uniform,frank_wolfe
B,31.876842260360718,534033.56,0.52348435,404488628,112076,10,4,uniform,frank_wolfe
B,31.94896364212036,532650.25,0.524719,2261209995,112076,10,4,uniform,frank_wolfe
B,48.79733180999756,533172.7,0.5242524,4190266092,112076,10,4,uniform,frank_wolfe
B,37.215128660202026,533447.44,0.5240082,3160032368,112076,10,4,uniform,frank_wolfe
B,38.162386417388916,531926.0,0.5253639,3269070126,112076,10,4,uniform,frank_wolfe
B,54.994686126708984,532622.94,0.52474433,3081541439,112076,10,4,uniform,frank_wolfe
B,37.33121609687805,532752.5,0.5246275,3376120482,112076,10,4,uniform,frank_wolfe
B,46.699713706970215,533987.4,0.5235279,2204291346,112076,10,4,uniform,frank_wolfe
B,38.78434228897095,532523.0,0.5248338,550243861,112076,10,4,uniform,frank_wolfe
B,34.67461609840393,533678.94,0.5238047,3606691181,112076,10,4,uniform,frank_wolfe
B,43.21411204338074,535325.7,0.5223339,1934392872,112076,10,4,uniform,frank_wolfe
B,23.414689779281616,528965.75,0.52800333,383329927,112076,10,4,furthest_sum,projected_gradients
B,21.84502124786377,529191.8,0.52780104,3324115916,112076,10,4,furthest_sum,projected_gradients
B,27.38921046257019,528622.3,0.52831024,2811363264,112076,10,4,furthest_sum,projected_gradients
B,23.828022003173828,529673.6,0.52737087,1884968544,112076,10,4,furthest_sum,projected_gradients
B,26.291327476501465,528379.4,0.52852356,1859786275,112076,10,4,furthest_sum,projected_gradients
B,23.43875241279602,529376.2,0.5276365,3687649985,112076,10,4,furthest_sum,projected_gradients
B,27.395550966262817,529442.9,0.5275751,369133708,112076,10,4,furthest_sum,projected_gradients
B,22.233234643936157,530315.8,0.5268006,2995172877,112076,10,4,furthest_sum,projected_gradients
B,26.242271184921265,529338.44,0.52766794,865305066,112076,10,4,furthest_sum,projected_gradients
B,23.53586721420288,529038.25,0.5279385,404488628,112076,10,4,furthest_sum,projected_gradients
B,24.289019346237183,528671.4,0.52826476,2261209995,112076,10,4,furthest_sum,projected_gradients
B,24.17440104484558,528832.6,0.5281204,4190266092,112076,10,4,furthest_sum,projected_gradients
B,21.8611159324646,528848.5,0.5281099,3160032368,112076,10,4,furthest_sum,projected_gradients
B,20.84056258201599,530248.25,0.5268584,3269070126,112076,10,4,furthest_sum,projected_gradients
B,20.77414846420288,529776.8,0.5272802,3081541439,112076,10,4,furthest_sum,projected_gradients
B,25.230639219284058,529423.1,0.52759534,3376120482,112076,10,4,furthest_sum,projected_gradients
B,21.893779516220093,529762.4,0.5272939,2204291346,112076,10,4,furthest_sum,projected_gradients
B,23.2766170501709,529125.1,0.52785957,550243861,112076,10,4,furthest_sum,projected_gradients
B,26.937214612960815,529523.5,0.52750534,3606691181,112076,10,4,furthest_sum,projected_gradients
B,24.897249937057495,529322.25,0.5276854,1934392872,112076,10,4,furthest_sum,projected_gradients
B,17.37245798110962,532950.0,0.52445483,383329927,112076,10,4,furthest_sum,frank_wolfe
B,18.630325078964233,533322.6,0.52412266,3324115916,112076,10,4,furthest_sum,frank_wolfe
B,16.21511745452881,533980.3,0.5235351,2811363264,112076,10,4,furthest_sum,frank_wolfe
B,20.149922609329224,531956.6,0.5253389,1884968544,112076,10,4,furthest_sum,frank_wolfe
B,16.81937026977539,534259.75,0.5232841,1859786275,112076,10,4,furthest_sum,frank_wolfe
B,17.179476737976074,532827.1,0.52456087,3687649985,112076,10,4,furthest_sum,frank_wolfe
B,16.262084007263184,533440.0,0.524015,369133708,112076,10,4,furthest_sum,frank_wolfe
B,18.203641414642334,531868.1,0.52541995,2995172877,112076,10,4,furthest_sum,frank_wolfe
B,16.826870441436768,533321.56,0.52412266,865305066,112076,10,4,furthest_sum,frank_wolfe
B,15.579808235168457,532066.3,0.5252413,404488628,112076,10,4,furthest_sum,frank_wolfe
B,16.624709844589233,534321.9,0.5232312,2261209995,112076,10,4,furthest_sum,frank_wolfe
B,18.89042615890503,532520.7,0.5248376,4190266092,112076,10,4,furthest_sum,frank_wolfe
B,22.11903476715088,531990.4,0.5253083,3160032368,112076,10,4,furthest_sum,frank_wolfe
B,17.332667350769043,532036.7,0.52526784,3269070126,112076,10,4,furthest_sum,frank_wolfe
B,18.934044361114502,531318.8,0.52590597,3081541439,112076,10,4,furthest_sum,frank_wolfe
B,16.03405475616455,532313.1,0.5250214,3376120482,112076,10,4,furthest_sum,frank_wolfe
B,19.829774379730225,533086.75,0.5243318,2204291346,112076,10,4,furthest_sum,frank_wolfe
B,16.76152467727661,532931.25,0.5244712,550243861,112076,10,4,furthest_sum,frank_wolfe
B,20.583192110061646,532393.06,0.524952,3606691181,112076,10,4,furthest_sum,frank_wolfe
B,17.503853797912598,531666.8,0.52559584,1934392872,112076,10,4,furthest_sum,frank_wolfe
B,22.927106380462646,529007.3,0.5279627,383329927,112076,10,4,plus_plus,projected_gradients
B,27.339853763580322,529045.9,0.52793324,3324115916,112076,10,4,plus_plus,projected_gradients
B,15.699368000030518,528976.1,0.5279931,2811363264,112076,10,4,plus_plus,projected_gradients
B,21.333070516586304,527381.1,0.52941835,1884968544,112076,10,4,plus_plus,projected_gradients
B,21.031269073486328,529662.25,0.52738446,1859786275,112076,10,4,plus_plus,projected_gradients
B,20.568081378936768,529113.0,0.52787465,3687649985,112076,10,4,plus_plus,projected_gradients
B,19.34093141555786,529656.75,0.52738845,369133708,112076,10,4,plus_plus,projected_gradients
B,19.141478538513184,528829.1,0.5281233,2995172877,112076,10,4,plus_plus,projected_gradients
B,17.157135725021362,527564.9,0.5292548,865305066,112076,10,4,plus_plus,projected_gradients
B,25.811136960983276,530191.56,0.52690905,404488628,112076,10,4,plus_plus,projected_gradients
B,15.13150930404663,528634.1,0.528299,2261209995,112076,10,4,plus_plus,projected_gradients
B,20.28244376182556,529039.5,0.52793884,4190266092,112076,10,4,plus_plus,projected_gradients
B,18.038522005081177,527265.2,0.52952254,3160032368,112076,10,4,plus_plus,projected_gradients
B,19.014381170272827,529226.94,0.52777135,3269070126,112076,10,4,plus_plus,projected_gradients
B,19.99111247062683,528742.5,0.5282024,3081541439,112076,10,4,plus_plus,projected_gradients
B,26.097683429718018,528962.25,0.52800727,3376120482,112076,10,4,plus_plus,projected_gradients
B,21.834181785583496,528111.06,0.52876544,2204291346,112076,10,4,plus_plus,projected_gradients
B,27.003981828689575,529311.4,0.5276974,550243861,112076,10,4,plus_plus,projected_gradients
B,19.958888053894043,529461.75,0.52755976,3606691181,112076,10,4,plus_plus,projected_gradients
B,20.292420625686646,528894.1,0.5280688,1934392872,112076,10,4,plus_plus,projected_gradients
B,19.263583660125732,538202.0,0.51976436,383329927,112076,10,4,plus_plus,frank_wolfe
B,23.95401430130005,532880.4,0.52451676,3324115916,112076,10,4,plus_plus,frank_wolfe
B,19.320465564727783,532968.4,0.52443385,2811363264,112076,10,4,plus_plus,frank_wolfe
B,18.37719202041626,532697.4,0.5246783,1884968544,112076,10,4,plus_plus,frank_wolfe
B,19.71242356300354,531362.8,0.525869,1859786275,112076,10,4,plus_plus,frank_wolfe
B,18.790817737579346,533391.2,0.52405816,3687649985,112076,10,4,plus_plus,frank_wolfe
B,18.092966079711914,532014.25,0.52528745,369133708,112076,10,4,plus_plus,frank_wolfe
B,17.279045820236206,532266.1,0.5250617,2995172877,112076,10,4,plus_plus,frank_wolfe
B,17.430554389953613,533082.7,0.5243328,865305066,112076,10,4,plus_plus,frank_wolfe
B,27.330862283706665,532051.94,0.5252534,404488628,112076,10,4,plus_plus,frank_wolfe
B,14.613489866256714,535244.4,0.5224056,2261209995,112076,10,4,plus_plus,frank_wolfe
B,21.257575273513794,531724.0,0.52554524,4190266092,112076,10,4,plus_plus,frank_wolfe
B,15.020916938781738,534044.94,0.523474,3160032368,112076,10,4,plus_plus,frank_wolfe
B,22.066892385482788,531642.56,0.5256198,3269070126,112076,10,4,plus_plus,frank_wolfe
B,19.90714454650879,532369.06,0.5249723,3081541439,112076,10,4,plus_plus,frank_wolfe
B,16.147310972213745,534677.7,0.5229109,3376120482,112076,10,4,plus_plus,frank_wolfe
B,19.385315418243408,533825.75,0.5236733,2204291346,112076,10,4,plus_plus,frank_wolfe
B,31.94880223274231,531824.75,0.5254556,550243861,112076,10,4,plus_plus,frank_wolfe
B,21.339812755584717,531245.0,0.5259724,3606691181,112076,10,4,plus_plus,frank_wolfe
B,16.4467511177063,533789.6,0.52370065,1934392872,112076,10,4,plus_plus,frank_wolfe
NK,53.27585554122925,220179.38,0.6521479,383329927,63298,10,6,uniform,projected_gradients
NK,22.85528063774109,216244.22,0.6583646,3324115916,63298,10,6,uniform,projected_gradients
NK,16.899926900863647,223042.75,0.64762497,2811363264,63298,10,6,uniform,projected_gradients
NK,13.81480073928833,215067.69,0.6602235,1884968544,63298,10,6,uniform,projected_gradients
NK,37.40210700035095,213899.25,0.6620699,1859786275,63298,10,6,uniform,projected_gradients
NK,15.724392652511597,225347.39,0.64398324,3687649985,63298,10,6,uniform,projected_gradients
NK,45.36858534812927,214695.81,0.6608113,369133708,63298,10,6,uniform,projected_gradients
NK,24.213977336883545,221183.98,0.65056044,2995172877,63298,10,6,uniform,projected_gradients
NK,15.482754945755005,214681.75,0.66083366,865305066,63298,10,6,uniform,projected_gradients
NK,18.679635047912598,220907.81,0.6509975,404488628,63298,10,6,uniform,projected_gradients
NK,14.473971366882324,226161.36,0.64269894,2261209995,63298,10,6,uniform,projected_gradients
NK,24.079493045806885,214814.5,0.6606233,4190266092,63298,10,6,uniform,projected_gradients
NK,15.610405683517456,221588.83,0.64992154,3160032368,63298,10,6,uniform,projected_gradients
NK,10.797508716583252,224456.3,0.64539087,3269070126,63298,10,6,uniform,projected_gradients
NK,13.933568716049194,214447.08,0.66120493,3081541439,63298,10,6,uniform,projected_gradients
NK,26.677428483963013,224549.31,0.6452444,3376120482,63298,10,6,uniform,projected_gradients
NK,26.657429218292236,214304.95,0.6614287,2204291346,63298,10,6,uniform,projected_gradients
NK,13.943213939666748,221181.1,0.65056545,550243861,63298,10,6,uniform,projected_gradients
NK,13.475016355514526,219606.16,0.65305495,3606691181,63298,10,6,uniform,projected_gradients
NK,21.334832668304443,214712.62,0.66078496,1934392872,63298,10,6,uniform,projected_gradients
NK,16.454773902893066,215271.12,0.6599036,383329927,63298,10,6,uniform,frank_wolfe
NK,12.922039031982422,215846.98,0.65899366,3324115916,63298,10,6,uniform,frank_wolfe
NK,13.19370698928833,222681.67,0.64819574,2811363264,63298,10,6,uniform,frank_wolfe
NK,13.837923288345337,215257.66,0.65992457,1884968544,63298,10,6,uniform,frank_wolfe
NK,24.586320877075195,214985.73,0.66035473,1859786275,63298,10,6,uniform,frank_wolfe
NK,33.93224310874939,215392.7,0.6597116,3687649985,63298,10,6,uniform,frank_wolfe
NK,26.446194648742676,215163.39,0.6600736,369133708,63298,10,6,uniform,frank_wolfe
NK,26.67800259590149,216304.89,0.6582709,2995172877,63298,10,6,uniform,frank_wolfe
NK,13.482269763946533,215879.69,0.65894175,865305066,63298,10,6,uniform,frank_wolfe
NK,20.105056285858154,215071.72,0.66021895,404488628,63298,10,6,uniform,frank_wolfe
NK,17.430697679519653,215540.81,0.6594771,2261209995,63298,10,6,uniform,frank_wolfe
NK,14.871380090713501,215495.19,0.65954894,4190266092,63298,10,6,uniform,frank_wolfe
NK,18.768524646759033,215266.36,0.65991086,3160032368,63298,10,6,uniform,frank_wolfe
NK,15.14003300666809,215225.47,0.6599748,3269070126,63298,10,6,uniform,frank_wolfe
NK,10.171523809432983,214725.39,0.66076475,3081541439,63298,10,6,uniform,frank_wolfe
NK,12.52486777305603,222614.81,0.64830047,3376120482,63298,10,6,uniform,frank_wolfe
NK,14.833579540252686,215231.77,0.65996534,2204291346,63298,10,6,uniform,frank_wolfe
NK,12.093135118484497,216346.64,0.6582039,550243861,63298,10,6,uniform,frank_wolfe
NK,14.56685757637024,216318.3,0.6582491,3606691181,63298,10,6,uniform,frank_wolfe
NK,18.260895490646362,215088.9,0.6601905,1934392872,63298,10,6,uniform,frank_wolfe
NK,36.344635248184204,226134.62,0.64273906,383329927,63298,10,6,furthest_sum,projected_gradients
NK,31.226981163024902,214739.2,0.6607429,3324115916,63298,10,6,furthest_sum,projected_gradients
NK,26.100155115127563,227379.86,0.64077294,2811363264,63298,10,6,furthest_sum,projected_gradients
NK,50.63232779502869,214588.98,0.66097873,1884968544,63298,10,6,furthest_sum,projected_gradients
NK,17.988773822784424,214730.48,0.6607558,1859786275,63298,10,6,furthest_sum,projected_gradients
NK,42.16728734970093,215249.48,0.65993595,3687649985,63298,10,6,furthest_sum,projected_gradients
NK,15.085185289382935,214639.92,0.6608998,369133708,63298,10,6,furthest_sum,projected_gradients
NK,60.16633605957031,221019.12,0.65082157,2995172877,63298,10,6,furthest_sum,projected_gradients
NK,14.862419128417969,227350.38,0.6408187,865305066,63298,10,6,furthest_sum,projected_gradients
NK,15.096938848495483,227267.73,0.64094836,404488628,63298,10,6,furthest_sum,projected_gradients
NK,30.03141975402832,227014.89,0.64134914,2261209995,63298,10,6,furthest_sum,projected_gradients
NK,32.06378126144409,226693.25,0.641857,4190266092,63298,10,6,furthest_sum,projected_gradients
NK,34.650012254714966,214612.6,0.66094273,3160032368,63298,10,6,furthest_sum,projected_gradients
NK,42.03626298904419,214619.81,0.6609308,3269070126,63298,10,6,furthest_sum,projected_gradients
NK,20.169933080673218,221606.81,0.6498933,3081541439,63298,10,6,furthest_sum,projected_gradients
NK,17.395920038223267,226863.33,0.64158785,3376120482,63298,10,6,furthest_sum,projected_gradients
NK,30.92747449874878,227169.55,0.64110464,2204291346,63298,10,6,furthest_sum,projected_gradients
NK,51.06795692443848,215295.45,0.6598633,550243861,63298,10,6,furthest_sum,projected_gradients
NK,38.18050718307495,214766.45,0.66069984,3606691181,63298,10,6,furthest_sum,projected_gradients
NK,15.690349102020264,227086.72,0.6412351,1934392872,63298,10,6,furthest_sum,projected_gradients
NK,22.70812153816223,216384.72,0.6581432,383329927,63298,10,6,furthest_sum,frank_wolfe
NK,22.151842832565308,216197.31,0.65843946,3324115916,63298,10,6,furthest_sum,frank_wolfe
NK,21.266462087631226,216263.64,0.65833575,2811363264,63298,10,6,furthest_sum,frank_wolfe
NK,22.46423840522766,216280.88,0.6583078,1884968544,63298,10,6,furthest_sum,frank_wolfe
NK,22.522738695144653,216307.25,0.6582658,1859786275,63298,10,6,furthest_sum,frank_wolfe
NK,23.38866138458252,216689.27,0.6576628,3687649985,63298,10,6,furthest_sum,frank_wolfe
NK,20.40743350982666,215369.7,0.6597473,369133708,63298,10,6,furthest_sum,frank_wolfe
NK,21.803428411483765,215329.86,0.65981096,2995172877,63298,10,6,furthest_sum,frank_wolfe
NK,22.615254640579224,216347.34,0.65820235,865305066,63298,10,6,furthest_sum,frank_wolfe
NK,22.147815227508545,216103.4,0.65858805,404488628,63298,10,6,furthest_sum,frank_wolfe
NK,20.79499864578247,216709.75,0.65763086,2261209995,63298,10,6,furthest_sum,frank_wolfe
NK,24.630478143692017,216109.52,0.658579,4190266092,63298,10,6,furthest_sum,frank_wolfe
NK,27.10207462310791,215626.97,0.6593412,3160032368,63298,10,6,furthest_sum,frank_wolfe
NK,22.49949836730957,216746.4,0.6575713,3269070126,63298,10,6,furthest_sum,frank_wolfe
NK,23.44805645942688,215254.66,0.6599289,3081541439,63298,10,6,furthest_sum,frank_wolfe
NK,24.566990852355957,216191.11,0.65844965,3376120482,63298,10,6,furthest_sum,frank_wolfe
NK,20.53387999534607,215242.95,0.6599479,2204291346,63298,10,6,furthest_sum,frank_wolfe
NK,23.23050618171692,216881.95,0.65735865,550243861,63298,10,6,furthest_sum,frank_wolfe
NK,22.80534815788269,216038.72,0.65869004,3606691181,63298,10,6,furthest_sum,frank_wolfe
NK,20.570756196975708,221734.56,0.6496918,1934392872,63298,10,6,furthest_sum,frank_wolfe
NK,30.776516914367676,215710.77,0.6592082,383329927,63298,10,6,plus_plus,projected_gradients
NK,12.020079135894775,222299.03,0.64879984,3324115916,63298,10,6,plus_plus,projected_gradients
NK,13.536171674728394,214950.11,0.66040945,2811363264,63298,10,6,plus_plus,projected_gradients
NK,7.9795615673065186,215379.47,0.65973085,1884968544,63298,10,6,plus_plus,projected_gradients
NK,25.68581986427307,215627.33,0.6593391,1859786275,63298,10,6,plus_plus,projected_gradients
NK,13.558168888092041,214115.5,0.661728,3687649985,63298,10,6,plus_plus,projected_gradients
NK,22.705309629440308,214521.38,0.6610873,369133708,63298,10,6,plus_plus,projected_gradients
NK,13.446877002716064,222417.39,0.64861196,2995172877,63298,10,6,plus_plus,projected_gradients
NK,16.295064210891724,216132.47,0.658542,865305066,63298,10,6,plus_plus,projected_gradients
NK,25.4347665309906,223437.77,0.6470019,404488628,63298,10,6,plus_plus,projected_gradients
NK,7.680359363555908,226464.72,0.64221996,2261209995,63298,10,6,plus_plus,projected_gradients
NK,8.131101846694946,222020.64,0.6492396,4190266092,63298,10,6,plus_plus,projected_gradients
NK,17.766518354415894,217879.23,0.6557817,3160032368,63298,10,6,plus_plus,projected_gradients
NK,6.750774621963501,221671.92,0.64978945,3269070126,63298,10,6,plus_plus,projected_gradients
NK,16.990906715393066,215405.33,0.65969074,3081541439,63298,10,6,plus_plus,projected_gradients
NK,6.402360200881958,224285.53,0.64565927,3376120482,63298,10,6,plus_plus,projected_gradients
NK,9.450874328613281,222278.86,0.6488309,2204291346,63298,10,6,plus_plus,projected_gradients
NK,14.684590816497803,221309.25,0.6503632,550243861,63298,10,6,plus_plus,projected_gradients
NK,37.00486707687378,222859.05,0.647915,3606691181,63298,10,6,plus_plus,projected_gradients
NK,9.704141855239868,215050.69,0.6602509,1934392872,63298,10,6,plus_plus,projected_gradients
NK,15.268733024597168,215325.66,0.6598167,383329927,63298,10,6,plus_plus,frank_wolfe
NK,16.0604088306427,222567.22,0.64837533,3324115916,63298,10,6,plus_plus,frank_wolfe
NK,20.01695203781128,214664.5,0.66086155,2811363264,63298,10,6,plus_plus,frank_wolfe
NK,12.124253749847412,215413.39,0.6596785,1884968544,63298,10,6,plus_plus,frank_wolfe
NK,17.230242252349854,214945.83,0.6604175,1859786275,63298,10,6,plus_plus,frank_wolfe
NK,14.404735326766968,216798.17,0.6574914,3687649985,63298,10,6,plus_plus,frank_wolfe
NK,12.131408214569092,215151.62,0.66009206,369133708,63298,10,6,plus_plus,frank_wolfe
NK,14.243000030517578,221746.78,0.6496721,2995172877,63298,10,6,plus_plus,frank_wolfe
NK,14.413801431655884,215982.3,0.6587797,865305066,63298,10,6,plus_plus,frank_wolfe
NK,19.98555874824524,221508.23,0.650049,404488628,63298,10,6,plus_plus,frank_wolfe
NK,15.067519664764404,225296.05,0.64406586,2261209995,63298,10,6,plus_plus,frank_wolfe
NK,11.286289691925049,222040.03,0.6492092,4190266092,63298,10,6,plus_plus,frank_wolfe
NK,15.087836027145386,216368.33,0.6581705,3160032368,63298,10,6,plus_plus,frank_wolfe
NK,13.730103492736816,222085.19,0.6491382,3269070126,63298,10,6,plus_plus,frank_wolfe
NK,18.45072650909424,219520.9,0.65318954,3081541439,63298,10,6,plus_plus,frank_wolfe
NK,22.2352294921875,215255.33,0.6599283,3376120482,63298,10,6,plus_plus,frank_wolfe
NK,18.90518832206726,214875.88,0.6605282,2204291346,63298,10,6,plus_plus,frank_wolfe
NK,17.44298219680786,220564.81,0.65153927,550243861,63298,10,6,plus_plus,frank_wolfe
NK,23.024022817611694,215170.77,0.660062,3606691181,63298,10,6,plus_plus,frank_wolfe
NK,13.450623035430908,215531.66,0.6594912,1934392872,63298,10,6,plus_plus,frank_wolfe
ncM,5.856441020965576,165814.2,0.53376704,383329927,35565,10,4,uniform,projected_gradients
ncM,6.562454462051392,164585.64,0.5372205,3324115916,35565,10,4,uniform,projected_gradients
ncM,4.127583980560303,168030.66,0.52753514,2811363264,35565,10,4,uniform,projected_gradients
ncM,6.8233606815338135,164408.27,0.5377205,1884968544,35565,10,4,uniform,projected_gradients
ncM,8.715845108032227,166214.4,0.5326426,1859786275,35565,10,4,uniform,projected_gradients
ncM,8.041934251785278,166513.83,0.5318004,3687649985,35565,10,4,uniform,projected_gradients
ncM,5.253414630889893,165808.0,0.5337854,369133708,35565,10,4,uniform,projected_gradients
ncM,5.403232097625732,168347.84,0.52664393,2995172877,35565,10,4,uniform,projected_gradients
ncM,5.0506439208984375,165114.45,0.53573424,865305066,35565,10,4,uniform,projected_gradients
ncM,4.841420650482178,164417.75,0.5376936,404488628,35565,10,4,uniform,projected_gradients
ncM,7.287577152252197,164678.47,0.53695995,2261209995,35565,10,4,uniform,projected_gradients
ncM,5.465965986251831,164278.39,0.53808486,4190266092,35565,10,4,uniform,projected_gradients
ncM,5.516657829284668,166574.58,0.53162855,3160032368,35565,10,4,uniform,projected_gradients
ncM,5.153811931610107,167487.3,0.5290634,3269070126,35565,10,4,uniform,projected_gradients
ncM,4.357642412185669,167884.47,0.52794564,3081541439,35565,10,4,uniform,projected_gradients
ncM,4.14734673500061,165767.12,0.5338989,3376120482,35565,10,4,uniform,projected_gradients
ncM,5.134122371673584,168910.48,0.5250616,2204291346,35565,10,4,uniform,projected_gradients
ncM,5.617549180984497,167744.89,0.5283394,550243861,35565,10,4,uniform,projected_gradients
ncM,6.022362232208252,166518.52,0.53178585,3606691181,35565,10,4,uniform,projected_gradients
ncM,7.374226093292236,165492.4,0.5346704,1934392872,35565,10,4,uniform,projected_gradients
ncM,6.791684627532959,166321.42,0.532342,383329927,35565,10,4,uniform,frank_wolfe
ncM,7.767360687255859,165324.34,0.5351448,3324115916,35565,10,4,uniform,frank_wolfe
ncM,9.481549978256226,166513.81,0.5318003,2811363264,35565,10,4,uniform,frank_wolfe
ncM,7.045822381973267,165415.34,0.5348897,1884968544,35565,10,4,uniform,frank_wolfe
ncM,7.207106113433838,167543.55,0.5289042,1859786275,35565,10,4,uniform,frank_wolfe
ncM,10.577987909317017,164972.83,0.5361337,3687649985,35565,10,4,uniform,frank_wolfe
ncM,8.240309715270996,166787.72,0.5310306,369133708,35565,10,4,uniform,frank_wolfe
ncM,15.58921217918396,165395.27,0.534946,2995172877,35565,10,4,uniform,frank_wolfe
ncM,7.478627920150757,165954.44,0.5333744,865305066,35565,10,4,uniform,frank_wolfe
ncM,5.878554344177246,165726.12,0.53401554,404488628,35565,10,4,uniform,frank_wolfe
ncM,7.619410037994385,166480.06,0.531896,2261209995,35565,10,4,uniform,frank_wolfe
ncM,9.632127046585083,165380.61,0.53498685,4190266092,35565,10,4,uniform,frank_wolfe
ncM,7.408299207687378,166722.72,0.53121287,3160032368,35565,10,4,uniform,frank_wolfe
ncM,13.909356117248535,164985.28,0.53609914,3269070126,35565,10,4,uniform,frank_wolfe
ncM,6.009722471237183,168616.48,0.5258905,3081541439,35565,10,4,uniform,frank_wolfe
ncM,7.015623331069946,166508.67,0.53181446,3376120482,35565,10,4,uniform,frank_wolfe
ncM,5.838703632354736,170879.77,0.51952523,2204291346,35565,10,4,uniform,frank_wolfe
ncM,6.412447214126587,168637.62,0.52583003,550243861,35565,10,4,uniform,frank_wolfe
ncM,8.161643266677856,167151.5,0.53000814,3606691181,35565,10,4,uniform,frank_wolfe
ncM,8.20271897315979,167006.39,0.5304151,1934392872,35565,10,4,uniform,frank_wolfe
ncM,5.939111948013306,165027.75,0.53597903,383329927,35565,10,4,furthest_sum,projected_gradients
ncM,5.69639778137207,165480.16,0.5347075,3324115916,35565,10,4,furthest_sum,projected_gradients
ncM,6.894223213195801,165019.03,0.53600377,2811363264,35565,10,4,furthest_sum,projected_gradients
ncM,3.7634055614471436,166292.61,0.5324221,1884968544,35565,10,4,furthest_sum,projected_gradients
ncM,3.936211109161377,165754.02,0.5339369,1859786275,35565,10,4,furthest_sum,projected_gradients
ncM,3.404371976852417,166416.12,0.53207546,3687649985,35565,10,4,furthest_sum,projected_gradients
ncM,3.916231155395508,165201.56,0.53549033,369133708,35565,10,4,furthest_sum,projected_gradients
ncM,3.866218090057373,166348.39,0.5322663,2995172877,35565,10,4,furthest_sum,projected_gradients
ncM,4.871635437011719,166389.08,0.5321513,865305066,35565,10,4,furthest_sum,projected_gradients
ncM,4.520023822784424,165424.38,0.53486466,404488628,35565,10,4,furthest_sum,projected_gradients
ncM,2.7591633796691895,166245.06,0.5325568,2261209995,35565,10,4,furthest_sum,projected_gradients
ncM,5.425961971282959,165300.6,0.53521156,4190266092,35565,10,4,furthest_sum,projected_gradients
ncM,4.631569147109985,165129.2,0.53569406,3160032368,35565,10,4,furthest_sum,projected_gradients
ncM,2.899430751800537,166415.1,0.53207743,3269070126,35565,10,4,furthest_sum,projected_gradients
ncM,4.086903095245361,165702.27,0.5340821,3081541439,35565,10,4,furthest_sum,projected_gradients
ncM,3.9762871265411377,165346.5,0.53508306,3376120482,35565,10,4,furthest_sum,projected_gradients
ncM,3.0499513149261475,166457.27,0.53195995,2204291346,35565,10,4,furthest_sum,projected_gradients
ncM,3.895965099334717,165710.36,0.53405964,550243861,35565,10,4,furthest_sum,projected_gradients
ncM,4.308813571929932,165271.78,0.5352932,3606691181,35565,10,4,furthest_sum,projected_gradients
ncM,4.93271803855896,165181.97,0.5355449,1934392872,35565,10,4,furthest_sum,projected_gradients
ncM,6.301022529602051,165869.25,0.5336141,383329927,35565,10,4,furthest_sum,frank_wolfe
ncM,6.753613471984863,166152.8,0.53281575,3324115916,35565,10,4,furthest_sum,frank_wolfe
ncM,5.606127023696899,165955.78,0.5333703,2811363264,35565,10,4,furthest_sum,frank_wolfe
ncM,5.857688665390015,167187.03,0.5299071,1884968544,35565,10,4,furthest_sum,frank_wolfe
ncM,5.284397602081299,166440.89,0.5320053,1859786275,35565,10,4,furthest_sum,frank_wolfe
ncM,5.565719366073608,167076.84,0.5302182,3687649985,35565,10,4,furthest_sum,frank_wolfe
ncM,5.656643867492676,166174.02,0.5327565,369133708,35565,10,4,furthest_sum,frank_wolfe
ncM,5.636687994003296,167088.83,0.5301836,2995172877,35565,10,4,furthest_sum,frank_wolfe
ncM,5.72690224647522,167217.95,0.52982134,865305066,35565,10,4,furthest_sum,frank_wolfe
ncM,6.491862773895264,166125.03,0.5328948,404488628,35565,10,4,furthest_sum,frank_wolfe
ncM,5.495589971542358,167158.61,0.52998674,2261209995,35565,10,4,furthest_sum,frank_wolfe
ncM,5.364873170852661,166135.52,0.53286475,4190266092,35565,10,4,furthest_sum,frank_wolfe
ncM,6.733824253082275,166346.05,0.53227335,3160032368,35565,10,4,furthest_sum,frank_wolfe
ncM,5.948737382888794,166899.73,0.53071624,3269070126,35565,10,4,furthest_sum,frank_wolfe
ncM,5.951040744781494,166091.67,0.5329889,3081541439,35565,10,4,furthest_sum,frank_wolfe
ncM,5.7052929401397705,166419.14,0.5320672,3376120482,35565,10,4,furthest_sum,frank_wolfe
ncM,5.474756956100464,167098.25,0.53015757,2204291346,35565,10,4,furthest_sum,frank_wolfe
ncM,6.39190936088562,166479.92,0.5318956,550243861,35565,10,4,furthest_sum,frank_wolfe
ncM,6.640310525894165,166145.95,0.5328353,3606691181,35565,10,4,furthest_sum,frank_wolfe
ncM,5.471188545227051,166522.31,0.53177667,1934392872,35565,10,4,furthest_sum,frank_wolfe
ncM,4.469433546066284,165445.66,0.53480285,383329927,35565,10,4,plus_plus,projected_gradients
ncM,5.0431225299835205,165199.86,0.53549474,3324115916,35565,10,4,plus_plus,projected_gradients
ncM,3.785801649093628,165469.92,0.5347352,2811363264,35565,10,4,plus_plus,projected_gradients
ncM,6.2848961353302,164930.5,0.5362518,1884968544,35565,10,4,plus_plus,projected_gradients
ncM,4.510218858718872,166682.2,0.5313262,1859786275,35565,10,4,plus_plus,projected_gradients
ncM,7.33733606338501,165461.56,0.53475916,3687649985,35565,10,4,plus_plus,projected_gradients
ncM,4.832023620605469,166855.05,0.53084,369133708,35565,10,4,plus_plus,projected_gradients
ncM,5.254964828491211,165758.03,0.5339256,2995172877,35565,10,4,plus_plus,projected_gradients
ncM,6.744568824768066,165444.45,0.53480685,865305066,35565,10,4,plus_plus,projected_gradients
ncM,5.502337694168091,164286.1,0.5380626,404488628,35565,10,4,plus_plus,projected_gradients
ncM,6.200263500213623,168664.38,0.5257529,2261209995,35565,10,4,plus_plus,projected_gradients
ncM,3.9661078453063965,165118.31,0.53572476,4190266092,35565,10,4,plus_plus,projected_gradients
ncM,6.190618991851807,165275.77,0.53528,3160032368,35565,10,4,plus_plus,projected_gradients
ncM,4.629057884216309,164668.22,0.5369895,3269070126,35565,10,4,plus_plus,projected_gradients
ncM,6.609014511108398,164235.14,0.5382073,3081541439,35565,10,4,plus_plus,projected_gradients
ncM,4.921908378601074,169098.58,0.5245306,3376120482,35565,10,4,plus_plus,projected_gradients
ncM,4.620086431503296,164645.6,0.5370531,2204291346,35565,10,4,plus_plus,projected_gradients
ncM,4.5273144245147705,167751.69,0.52831894,550243861,35565,10,4,plus_plus,projected_gradients
ncM,4.5803382396698,164916.48,0.5362913,3606691181,35565,10,4,plus_plus,projected_gradients
ncM,4.099626779556274,165835.89,0.5337063,1934392872,35565,10,4,plus_plus,projected_gradients
ncM,9.591294288635254,166349.75,0.5322627,383329927,35565,10,4,plus_plus,frank_wolfe
ncM,7.359190464019775,165956.48,0.5333682,3324115916,35565,10,4,plus_plus,frank_wolfe
ncM,8.31607723236084,165145.67,0.5356483,2811363264,35565,10,4,plus_plus,frank_wolfe
ncM,8.156512022018433,165607.48,0.5343476,1884968544,35565,10,4,plus_plus,frank_wolfe
ncM,5.6804163455963135,167200.23,0.5298697,1859786275,35565,10,4,plus_plus,frank_wolfe
ncM,10.728953838348389,165010.9,0.53602606,3687649985,35565,10,4,plus_plus,frank_wolfe
ncM,9.3162522315979,166881.73,0.5307659,369133708,35565,10,4,plus_plus,frank_wolfe
ncM,5.874763011932373,166476.66,0.5319051,2995172877,35565,10,4,plus_plus,frank_wolfe
ncM,5.077013254165649,166321.2,0.5323426,865305066,35565,10,4,plus_plus,frank_wolfe
ncM,5.888443946838379,165631.25,0.53428215,404488628,35565,10,4,plus_plus,frank_wolfe
ncM,7.57910943031311,167472.72,0.5291045,2261209995,35565,10,4,plus_plus,frank_wolfe
ncM,5.485597133636475,165581.0,0.5344232,4190266092,35565,10,4,plus_plus,frank_wolfe
ncM,9.853444337844849,164978.73,0.5361173,3160032368,35565,10,4,plus_plus,frank_wolfe
ncM,6.677213668823242,165241.5,0.5353778,3269070126,35565,10,4,plus_plus,frank_wolfe
ncM,5.968490123748779,165098.98,0.53577924,3081541439,35565,10,4,plus_plus,frank_wolfe
ncM,11.64329719543457,167319.84,0.5295348,3376120482,35565,10,4,plus_plus,frank_wolfe
ncM,5.106672763824463,165263.17,0.53531754,2204291346,35565,10,4,plus_plus,frank_wolfe
ncM,8.253594398498535,166730.52,0.53119135,550243861,35565,10,4,plus_plus,frank_wolfe
ncM,5.143494129180908,165335.6,0.5351134,3606691181,35565,10,4,plus_plus,frank_wolfe
ncM,5.1450254917144775,166649.94,0.53141785,1934392872,35565,10,4,plus_plus,frank_wolfe
cDC,5.106602907180786,51665.625,0.6177441,383329927,13516,10,5,uniform,projected_gradients
cDC,2.426337957382202,51517.562,0.6188394,3324115916,13516,10,5,uniform,projected_gradients
cDC,3.323941230773926,51586.31,0.61833096,2811363264,13516,10,5,uniform,projected_gradients
cDC,2.678044080734253,51633.547,0.61798173,1884968544,13516,10,5,uniform,projected_gradients
cDC,4.890256643295288,51406.844,0.6196581,1859786275,13516,10,5,uniform,projected_gradients
cDC,2.708319902420044,51627.61,0.6180252,3687649985,13516,10,5,uniform,projected_gradients
cDC,2.746933937072754,51522.14,0.6188055,369133708,13516,10,5,uniform,projected_gradients
cDC,2.667684316635132,51797.277,0.6167697,2995172877,13516,10,5,uniform,projected_gradients
cDC,2.7684366703033447,52915.703,0.6084952,865305066,13516,10,5,uniform,projected_gradients
cDC,2.8721630573272705,51552.566,0.6185806,404488628,13516,10,5,uniform,projected_gradients
cDC,3.0103580951690674,51446.42,0.61936563,2261209995,13516,10,5,uniform,projected_gradients
cDC,3.3219804763793945,52166.066,0.6140419,4190266092,13516,10,5,uniform,projected_gradients
cDC,6.149089813232422,51474.855,0.6191556,3160032368,13516,10,5,uniform,projected_gradients
cDC,3.4929587841033936,54114.895,0.5996231,3269070126,13516,10,5,uniform,projected_gradients
cDC,2.738659381866455,53361.87,0.60519385,3081541439,13516,10,5,uniform,projected_gradients
cDC,2.879162311553955,51411.33,0.61962503,3376120482,13516,10,5,uniform,projected_gradients
cDC,3.9255871772766113,52153.94,0.61413133,2204291346,13516,10,5,uniform,projected_gradients
cDC,5.244054794311523,51391.297,0.619774,550243861,13516,10,5,uniform,projected_gradients
cDC,2.851076126098633,51447.22,0.61935997,3606691181,13516,10,5,uniform,projected_gradients
cDC,2.396111011505127,53366.113,0.6051624,1934392872,13516,10,5,uniform,projected_gradients
cDC,5.655574321746826,51556.69,0.61854976,383329927,13516,10,5,uniform,frank_wolfe
cDC,3.4226036071777344,51531.152,0.6187387,3324115916,13516,10,5,uniform,frank_wolfe
cDC,5.132952451705933,51438.137,0.61942714,2811363264,13516,10,5,uniform,frank_wolfe
cDC,3.6844024658203125,51535.84,0.61870414,1884968544,13516,10,5,uniform,frank_wolfe
cDC,4.509364366531372,51523.895,0.61879224,1859786275,13516,10,5,uniform,frank_wolfe
cDC,3.81501841545105,51544.844,0.61863786,3687649985,13516,10,5,uniform,frank_wolfe
cDC,2.2958388328552246,51513.15,0.6188723,369133708,13516,10,5,uniform,frank_wolfe
cDC,4.398632526397705,51525.758,0.61877894,2995172877,13516,10,5,uniform,frank_wolfe
cDC,3.583590030670166,52948.86,0.6082499,865305066,13516,10,5,uniform,frank_wolfe
cDC,3.794759511947632,51460.746,0.6192597,404488628,13516,10,5,uniform,frank_wolfe
cDC,4.157171964645386,51497.355,0.61898863,2261209995,13516,10,5,uniform,frank_wolfe
cDC,5.374983310699463,51526.67,0.6187722,4190266092,13516,10,5,uniform,frank_wolfe
cDC,5.42492938041687,51589.36,0.6183081,3160032368,13516,10,5,uniform,frank_wolfe
cDC,4.971647262573242,51433.13,0.6194643,3269070126,13516,10,5,uniform,frank_wolfe
cDC,3.513313055038452,53850.23,0.60158116,3081541439,13516,10,5,uniform,frank_wolfe
cDC,4.347898483276367,51539.062,0.6186805,3376120482,13516,10,5,uniform,frank_wolfe
cDC,4.820653438568115,51628.727,0.61801714,2204291346,13516,10,5,uniform,frank_wolfe
cDC,5.2938621044158936,51593.312,0.61827916,550243861,13516,10,5,uniform,frank_wolfe
cDC,3.0902464389801025,51575.49,0.6184109,3606691181,13516,10,5,uniform,frank_wolfe
cDC,4.4895405769348145,53066.418,0.60738003,1934392872,13516,10,5,uniform,frank_wolfe
cDC,2.878694534301758,51551.79,0.6185865,383329927,13516,10,5,furthest_sum,projected_gradients
cDC,2.929673910140991,51498.28,0.61898214,3324115916,13516,10,5,furthest_sum,projected_gradients
cDC,2.748175621032715,51465.24,0.61922663,2811363264,13516,10,5,furthest_sum,projected_gradients
cDC,3.406442642211914,51479.047,0.6191243,1884968544,13516,10,5,furthest_sum,projected_gradients
cDC,3.503316640853882,53207.188,0.6063386,1859786275,13516,10,5,furthest_sum,projected_gradients
cDC,3.2668166160583496,51451.3,0.6193295,3687649985,13516,10,5,furthest_sum,projected_gradients
cDC,3.062947988510132,51466.86,0.61921424,369133708,13516,10,5,furthest_sum,projected_gradients
cDC,2.838064432144165,51547.07,0.6186211,2995172877,13516,10,5,furthest_sum,projected_gradients
cDC,3.250430107116699,51423.83,0.61953306,865305066,13516,10,5,furthest_sum,projected_gradients
cDC,2.8681159019470215,51547.043,0.6186216,404488628,13516,10,5,furthest_sum,projected_gradients
cDC,3.3216552734375,51544.57,0.61864007,2261209995,13516,10,5,furthest_sum,projected_gradients
cDC,3.4627010822296143,51427.19,0.619508,4190266092,13516,10,5,furthest_sum,projected_gradients
cDC,3.2617130279541016,51551.945,0.618585,3160032368,13516,10,5,furthest_sum,projected_gradients
cDC,2.9497017860412598,51553.117,0.6185757,3269070126,13516,10,5,furthest_sum,projected_gradients
cDC,2.7985615730285645,51470.117,0.61919117,3081541439,13516,10,5,furthest_sum,projected_gradients
cDC,3.4236764907836914,52710.992,0.6100098,3376120482,13516,10,5,furthest_sum,projected_gradients
cDC,2.8439900875091553,51484.67,0.61908275,2204291346,13516,10,5,furthest_sum,projected_gradients
cDC,2.4690308570861816,51481.16,0.61910856,550243861,13516,10,5,furthest_sum,projected_gradients
cDC,3.061633348464966,51454.082,0.61930877,3606691181,13516,10,5,furthest_sum,projected_gradients
cDC,2.9199366569519043,51507.344,0.61891526,1934392872,13516,10,5,furthest_sum,projected_gradients
cDC,3.875383138656616,51626.383,0.61803377,383329927,13516,10,5,furthest_sum,frank_wolfe
cDC,3.995957136154175,51565.945,0.61848164,3324115916,13516,10,5,furthest_sum,frank_wolfe
cDC,4.0360167026519775,51494.875,0.61900693,2811363264,13516,10,5,furthest_sum,frank_wolfe
cDC,3.6234357357025146,51613.887,0.61812675,1884968544,13516,10,5,furthest_sum,frank_wolfe
cDC,6.400292158126831,51527.41,0.61876637,1859786275,13516,10,5,furthest_sum,frank_wolfe
cDC,3.8449034690856934,51509.42,0.61889976,3687649985,13516,10,5,furthest_sum,frank_wolfe
cDC,3.714045763015747,51491.22,0.6190341,369133708,13516,10,5,furthest_sum,frank_wolfe
cDC,3.7040915489196777,51533.688,0.6187203,2995172877,13516,10,5,furthest_sum,frank_wolfe
cDC,3.8246994018554688,51538.203,0.61868644,865305066,13516,10,5,furthest_sum,frank_wolfe
cDC,3.8446478843688965,51607.977,0.6181704,404488628,13516,10,5,furthest_sum,frank_wolfe
cDC,4.076270580291748,51560.973,0.61851853,2261209995,13516,10,5,furthest_sum,frank_wolfe
cDC,3.7044570446014404,51463.332,0.6192406,4190266092,13516,10,5,furthest_sum,frank_wolfe
cDC,4.096914291381836,51518.453,0.6188327,3160032368,13516,10,5,furthest_sum,frank_wolfe
cDC,3.8449137210845947,51536.1,0.6187024,3269070126,13516,10,5,furthest_sum,frank_wolfe
cDC,3.774675130844116,51622.75,0.6180609,3081541439,13516,10,5,furthest_sum,frank_wolfe
cDC,6.8231730461120605,51575.555,0.6184108,3376120482,13516,10,5,furthest_sum,frank_wolfe
cDC,3.9246649742126465,51529.84,0.6187487,2204291346,13516,10,5,furthest_sum,frank_wolfe
cDC,3.77435040473938,51624.668,0.61804664,550243861,13516,10,5,furthest_sum,frank_wolfe
cDC,3.5529298782348633,51538.098,0.61868757,3606691181,13516,10,5,furthest_sum,frank_wolfe
cDC,4.026116847991943,51451.984,0.6193233,1934392872,13516,10,5,furthest_sum,frank_wolfe
cDC,2.834420919418335,52146.758,0.6141845,383329927,13516,10,5,plus_plus,projected_gradients
cDC,2.958834171295166,51835.9,0.6164845,3324115916,13516,10,5,plus_plus,projected_gradients
cDC,1.4404664039611816,51397.348,0.619729,2811363264,13516,10,5,plus_plus,projected_gradients
cDC,2.4253058433532715,52116.008,0.6144117,1884968544,13516,10,5,plus_plus,projected_gradients
cDC,1.007401466369629,51503.414,0.6189435,1859786275,13516,10,5,plus_plus,projected_gradients
cDC,2.586106061935425,51525.977,0.6187774,3687649985,13516,10,5,plus_plus,projected_gradients
cDC,2.696981906890869,52861.016,0.6088992,369133708,13516,10,5,plus_plus,projected_gradients
cDC,2.5158755779266357,51519.17,0.61882746,2995172877,13516,10,5,plus_plus,projected_gradients
cDC,3.6727306842803955,51442.65,0.6193939,865305066,13516,10,5,plus_plus,projected_gradients
cDC,2.2746434211730957,56205.23,0.5841576,404488628,13516,10,5,plus_plus,projected_gradients
cDC,1.7113680839538574,51685.547,0.6175968,2261209995,13516,10,5,plus_plus,projected_gradients
cDC,2.5468645095825195,52645.277,0.6104956,4190266092,13516,10,5,plus_plus,projected_gradients
cDC,2.043628454208374,51430.445,0.61948425,3160032368,13516,10,5,plus_plus,projected_gradients
cDC,1.1882548332214355,53360.035,0.6052071,3269070126,13516,10,5,plus_plus,projected_gradients
cDC,1.5503504276275635,51655.867,0.6178162,3081541439,13516,10,5,plus_plus,projected_gradients
cDC,3.4011614322662354,51382.566,0.61983836,3376120482,13516,10,5,plus_plus,projected_gradients
cDC,2.0533430576324463,51403.805,0.61968106,2204291346,13516,10,5,plus_plus,projected_gradients
cDC,2.8579516410827637,51434.523,0.61945355,550243861,13516,10,5,plus_plus,projected_gradients
cDC,1.2886135578155518,51461.785,0.6192519,3606691181,13516,10,5,plus_plus,projected_gradients
cDC,1.4597933292388916,51455.6,0.61929786,1934392872,13516,10,5,plus_plus,projected_gradients
cDC,3.6325016021728516,52978.254,0.60803246,383329927,13516,10,5,plus_plus,frank_wolfe
cDC,3.4814651012420654,51730.793,0.6172617,3324115916,13516,10,5,plus_plus,frank_wolfe
cDC,1.9929282665252686,51533.055,0.6187249,2811363264,13516,10,5,plus_plus,frank_wolfe
cDC,3.029069423675537,51560.867,0.6185189,1884968544,13516,10,5,plus_plus,frank_wolfe
cDC,2.103579044342041,51482.395,0.6190998,1859786275,13516,10,5,plus_plus,frank_wolfe
cDC,2.345319986343384,51535.625,0.6187062,3687649985,13516,10,5,plus_plus,frank_wolfe
cDC,2.6671736240386963,52977.29,0.6080392,369133708,13516,10,5,plus_plus,frank_wolfe
cDC,2.7173664569854736,51571.72,0.6184389,2995172877,13516,10,5,plus_plus,frank_wolfe
cDC,3.0591444969177246,51618.4,0.6180931,865305066,13516,10,5,plus_plus,frank_wolfe
cDC,1.922938585281372,56520.82,0.58182216,404488628,13516,10,5,plus_plus,frank_wolfe
cDC,2.546298027038574,51500.625,0.6189647,2261209995,13516,10,5,plus_plus,frank_wolfe
cDC,4.064895391464233,51528.637,0.6187574,4190266092,13516,10,5,plus_plus,frank_wolfe
cDC,2.5459868907928467,51559.035,0.6185329,3160032368,13516,10,5,plus_plus,frank_wolfe
cDC,4.105195999145508,51508.227,0.6189087,3269070126,13516,10,5,plus_plus,frank_wolfe
cDC,2.4353835582733154,51513.344,0.6188709,3081541439,13516,10,5,plus_plus,frank_wolfe
cDC,3.0490472316741943,51492.29,0.6190263,3376120482,13516,10,5,plus_plus,frank_wolfe
cDC,2.9786272048950195,51511.16,0.618887,2204291346,13516,10,5,plus_plus,frank_wolfe
cDC,3.793693780899048,51570.0,0.6184515,550243861,13516,10,5,plus_plus,frank_wolfe
cDC,2.4961097240448,51597.594,0.61824745,3606691181,13516,10,5,plus_plus,frank_wolfe
cDC,1.982954740524292,51610.832,0.61814934,1934392872,13516,10,5,plus_plus,frank_wolfe
pDC,2.6584255695343018,20303.914,0.49379423,383329927,4011,10,4,uniform,projected_gradients
pDC,2.145966053009033,20341.666,0.49285305,3324115916,4011,10,4,uniform,projected_gradients
pDC,1.8120155334472656,20293.637,0.4940507,2811363264,4011,10,4,uniform,projected_gradients
pDC,2.0243046283721924,20318.637,0.493427,1884968544,4011,10,4,uniform,projected_gradients
pDC,2.025376319885254,20319.4,0.4934081,1859786275,4011,10,4,uniform,projected_gradients
pDC,2.0935475826263428,20311.908,0.49359503,3687649985,4011,10,4,uniform,projected_gradients
pDC,1.8640074729919434,20335.56,0.49300516,369133708,4011,10,4,uniform,projected_gradients
pDC,1.983590841293335,20304.424,0.49378148,2995172877,4011,10,4,uniform,projected_gradients
pDC,1.8518626689910889,20282.352,0.49433196,865305066,4011,10,4,uniform,projected_gradients
pDC,1.872556447982788,20311.873,0.49359587,404488628,4011,10,4,uniform,projected_gradients
pDC,1.842423915863037,20305.656,0.49375075,2261209995,4011,10,4,uniform,projected_gradients
pDC,1.892517328262329,20326.121,0.4932403,4190266092,4011,10,4,uniform,projected_gradients
pDC,1.9024920463562012,20291.064,0.49411464,3160032368,4011,10,4,uniform,projected_gradients
pDC,1.852299451828003,20317.252,0.4934617,3269070126,4011,10,4,uniform,projected_gradients
pDC,1.872816801071167,20284.168,0.49428648,3081541439,4011,10,4,uniform,projected_gradients
pDC,1.7112908363342285,20601.854,0.48636606,3376120482,4011,10,4,uniform,projected_gradients
pDC,1.832097053527832,20307.18,0.493713,2204291346,4011,10,4,uniform,projected_gradients
pDC,1.942927598953247,20335.598,0.49300414,550243861,4011,10,4,uniform,projected_gradients
pDC,2.114048719406128,20283.637,0.49429977,3606691181,4011,10,4,uniform,projected_gradients
pDC,1.8220040798187256,20295.494,0.49400395,1934392872,4011,10,4,uniform,projected_gradients
pDC,1.9830653667449951,20407.127,0.49122098,383329927,4011,10,4,uniform,frank_wolfe
pDC,2.1942391395568848,20422.344,0.49084175,3324115916,4011,10,4,uniform,frank_wolfe
pDC,2.0737268924713135,20383.004,0.49182263,2811363264,4011,10,4,uniform,frank_wolfe
pDC,1.9831054210662842,20436.791,0.49048147,1884968544,4011,10,4,uniform,frank_wolfe
pDC,2.103788375854492,20398.904,0.49142632,1859786275,4011,10,4,uniform,frank_wolfe
pDC,2.0736887454986572,20387.092,0.49172044,3687649985,4011,10,4,uniform,frank_wolfe
pDC,2.0434577465057373,20398.781,0.49142927,369133708,4011,10,4,uniform,frank_wolfe
pDC,1.9027440547943115,20371.459,0.4921105,2995172877,4011,10,4,uniform,frank_wolfe
pDC,2.0535027980804443,20484.648,0.4892882,865305066,4011,10,4,uniform,frank_wolfe
pDC,2.0232961177825928,20457.209,0.4899718,404488628,4011,10,4,uniform,frank_wolfe
pDC,2.0133352279663086,20396.328,0.49149016,2261209995,4011,10,4,uniform,frank_wolfe
pDC,2.063506603240967,20393.938,0.49155006,4190266092,4011,10,4,uniform,frank_wolfe
pDC,1.9933974742889404,20404.168,0.49129465,3160032368,4011,10,4,uniform,frank_wolfe
pDC,1.9629497528076172,20384.037,0.4917967,3269070126,4011,10,4,uniform,frank_wolfe
pDC,1.9835126399993896,20433.666,0.49055943,3081541439,4011,10,4,uniform,frank_wolfe
pDC,2.25472354888916,20420.832,0.49087927,3376120482,4011,10,4,uniform,frank_wolfe
pDC,1.9932770729064941,20435.9,0.49050364,2204291346,4011,10,4,uniform,frank_wolfe
pDC,2.284902572631836,20373.547,0.49205798,550243861,4011,10,4,uniform,frank_wolfe
pDC,2.0837149620056152,20438.5,0.49043873,3606691181,4011,10,4,uniform,frank_wolfe
pDC,2.0134215354919434,20378.473,0.49193534,1934392872,4011,10,4,uniform,frank_wolfe
pDC,2.808084011077881,20269.354,0.4946559,383329927,4011,10,4,furthest_sum,projected_gradients
pDC,2.647092580795288,20348.43,0.49268448,3324115916,4011,10,4,furthest_sum,projected_gradients
pDC,2.164292573928833,20364.6,0.4922815,2811363264,4011,10,4,furthest_sum,projected_gradients
pDC,2.3854148387908936,20286.047,0.49423984,1884968544,4011,10,4,furthest_sum,projected_gradients
pDC,2.073557138442993,20347.91,0.49269736,1859786275,4011,10,4,furthest_sum,projected_gradients
pDC,2.405515432357788,20307.64,0.4937014,3687649985,4011,10,4,furthest_sum,projected_gradients
pDC,2.2043023109436035,20329.754,0.4931498,369133708,4011,10,4,furthest_sum,projected_gradients
pDC,2.4559900760650635,20347.287,0.49271312,2995172877,4011,10,4,furthest_sum,projected_gradients
pDC,2.476203203201294,20293.283,0.49405903,865305066,4011,10,4,furthest_sum,projected_gradients
pDC,2.194502592086792,20343.834,0.49279898,404488628,4011,10,4,furthest_sum,projected_gradients
pDC,2.1943211555480957,20294.857,0.49401945,2261209995,4011,10,4,furthest_sum,projected_gradients
pDC,3.199739933013916,20351.342,0.49261215,4190266092,4011,10,4,furthest_sum,projected_gradients
pDC,2.325136661529541,20377.748,0.49195322,3160032368,4011,10,4,furthest_sum,projected_gradients
pDC,2.496025323867798,20269.258,0.49465835,3269070126,4011,10,4,furthest_sum,projected_gradients
pDC,2.435591459274292,20296.19,0.4939868,3081541439,4011,10,4,furthest_sum,projected_gradients
pDC,2.5764503479003906,20312.943,0.4935691,3376120482,4011,10,4,furthest_sum,projected_gradients
pDC,2.3247756958007812,20351.797,0.49260053,2204291346,4011,10,4,furthest_sum,projected_gradients
pDC,2.5562689304351807,20270.5,0.49462712,550243861,4011,10,4,furthest_sum,projected_gradients
pDC,2.2643604278564453,20339.68,0.4929025,3606691181,4011,10,4,furthest_sum,projected_gradients
pDC,2.4756267070770264,20304.164,0.49378762,1934392872,4011,10,4,furthest_sum,projected_gradients
pDC,2.3648910522460938,20431.887,0.4906037,383329927,4011,10,4,furthest_sum,frank_wolfe
pDC,2.5867834091186523,20412.832,0.4910789,3324115916,4011,10,4,furthest_sum,frank_wolfe
pDC,2.757878303527832,20430.62,0.49063504,2811363264,4011,10,4,furthest_sum,frank_wolfe
pDC,2.3256542682647705,20439.115,0.49042347,1884968544,4011,10,4,furthest_sum,frank_wolfe
pDC,2.224506378173828,20422.22,0.4908449,1859786275,4011,10,4,furthest_sum,frank_wolfe
pDC,2.335210084915161,20483.209,0.48932406,3687649985,4011,10,4,furthest_sum,frank_wolfe
pDC,2.2344889640808105,20416.725,0.49098158,369133708,4011,10,4,furthest_sum,frank_wolfe
pDC,2.3048348426818848,20406.729,0.49123093,2995172877,4011,10,4,furthest_sum,frank_wolfe
pDC,2.3754539489746094,20427.172,0.49072108,865305066,4011,10,4,furthest_sum,frank_wolfe
pDC,2.2146337032318115,20445.74,0.49025825,404488628,4011,10,4,furthest_sum,frank_wolfe
pDC,2.1843478679656982,20440.611,0.4903863,2261209995,4011,10,4,furthest_sum,frank_wolfe
pDC,2.1540708541870117,20465.904,0.48975563,4190266092,4011,10,4,furthest_sum,frank_wolfe
pDC,2.204754114151001,20393.49,0.49156103,3160032368,4011,10,4,furthest_sum,frank_wolfe
pDC,2.3160974979400635,20415.9,0.49100223,3269070126,4011,10,4,furthest_sum,frank_wolfe
pDC,2.2455122470855713,20478.455,0.48944256,3081541439,4011,10,4,furthest_sum,frank_wolfe
pDC,2.265592098236084,20463.312,0.48982048,3376120482,4011,10,4,furthest_sum,frank_wolfe
pDC,2.3966712951660156,20400.955,0.4913751,2204291346,4011,10,4,furthest_sum,frank_wolfe
pDC,2.2856669425964355,20415.338,0.4910163,550243861,4011,10,4,furthest_sum,frank_wolfe
pDC,2.2347099781036377,20390.766,0.4916287,3606691181,4011,10,4,furthest_sum,frank_wolfe
pDC,2.5468809604644775,20427.078,0.49072364,1934392872,4011,10,4,furthest_sum,frank_wolfe
pDC,2.2252767086029053,20317.844,0.49344704,383329927,4011,10,4,plus_plus,projected_gradients
pDC,1.8722724914550781,20297.756,0.4939473,3324115916,4011,10,4,plus_plus,projected_gradients
pDC,1.9531512260437012,20321.072,0.49336648,2811363264,4011,10,4,plus_plus,projected_gradients
pDC,2.0337636470794678,20307.62,0.49370182,1884968544,4011,10,4,plus_plus,projected_gradients
pDC,1.9432001113891602,20365.03,0.49227083,1859786275,4011,10,4,plus_plus,projected_gradients
pDC,1.8825609683990479,20315.05,0.4935169,3687649985,4011,10,4,plus_plus,projected_gradients
pDC,1.7717933654785156,20347.422,0.49270937,369133708,4011,10,4,plus_plus,projected_gradients
pDC,1.9529719352722168,20281.047,0.49436408,2995172877,4011,10,4,plus_plus,projected_gradients
pDC,2.023574113845825,20285.176,0.49426183,865305066,4011,10,4,plus_plus,projected_gradients
pDC,1.7013607025146484,20337.26,0.4929628,404488628,4011,10,4,plus_plus,projected_gradients
pDC,2.4462502002716064,20325.062,0.49326724,2261209995,4011,10,4,plus_plus,projected_gradients
pDC,1.9631500244140625,20310.479,0.49363023,4190266092,4011,10,4,plus_plus,projected_gradients
pDC,1.8221869468688965,20601.451,0.48637587,3160032368,4011,10,4,plus_plus,projected_gradients
pDC,2.4559731483459473,20362.162,0.49234167,3269070126,4011,10,4,plus_plus,projected_gradients
pDC,2.124115467071533,20316.373,0.4934838,3081541439,4011,10,4,plus_plus,projected_gradients
pDC,2.1641063690185547,20286.77,0.4942218,3376120482,4011,10,4,plus_plus,projected_gradients
pDC,2.214592456817627,20355.066,0.4925189,2204291346,4011,10,4,plus_plus,projected_gradients
pDC,1.7718157768249512,20323.035,0.4933176,550243861,4011,10,4,plus_plus,projected_gradients
pDC,2.033595561981201,20284.02,0.49429,3606691181,4011,10,4,plus_plus,projected_gradients
pDC,1.8222222328186035,20314.371,0.49353358,1934392872,4011,10,4,plus_plus,projected_gradients
pDC,2.194572925567627,20420.658,0.49088362,383329927,4011,10,4,plus_plus,frank_wolfe
pDC,2.0235819816589355,20444.244,0.49029544,3324115916,4011,10,4,plus_plus,frank_wolfe
pDC,2.0133166313171387,20455.176,0.4900232,2811363264,4011,10,4,plus_plus,frank_wolfe
pDC,2.1243979930877686,20405.621,0.49125838,1884968544,4011,10,4,plus_plus,frank_wolfe
pDC,2.0234930515289307,20417.195,0.49096993,1859786275,4011,10,4,plus_plus,frank_wolfe
pDC,1.973201036453247,20382.379,0.49183816,3687649985,4011,10,4,plus_plus,frank_wolfe
pDC,2.023503541946411,20424.994,0.49077573,369133708,4011,10,4,plus_plus,frank_wolfe
pDC,1.9428963661193848,20382.246,0.491841,2995172877,4011,10,4,plus_plus,frank_wolfe
pDC,2.053722381591797,20389.402,0.49166295,865305066,4011,10,4,plus_plus,frank_wolfe
pDC,2.003591299057007,20451.69,0.49011,404488628,4011,10,4,plus_plus,frank_wolfe
pDC,2.2548696994781494,20405.803,0.49125373,2261209995,4011,10,4,plus_plus,frank_wolfe
pDC,2.1240861415863037,20408.914,0.49117693,4190266092,4011,10,4,plus_plus,frank_wolfe
pDC,2.224733352661133,20459.611,0.48991236,3160032368,4011,10,4,plus_plus,frank_wolfe
pDC,2.234668254852295,20420.893,0.49087793,3269070126,4011,10,4,plus_plus,frank_wolfe
pDC,2.3453235626220703,20404.951,0.49127513,3081541439,4011,10,4,plus_plus,frank_wolfe
pDC,2.04327654838562,20400.643,0.49138248,3376120482,4011,10,4,plus_plus,frank_wolfe
pDC,2.053062915802002,20383.7,0.49180514,2204291346,4011,10,4,plus_plus,frank_wolfe
pDC,2.003188133239746,20439.504,0.4904137,550243861,4011,10,4,plus_plus,frank_wolfe
pDC,2.1839053630828857,20396.746,0.49147943,3606691181,4011,10,4,plus_plus,frank_wolfe
pDC,2.0633139610290527,20429.059,0.49067408,1934392872,4011,10,4,plus_plus,frank_wolfe
